Id,Label,timeset,indegree,outdegree,Degree,eigencentrality,Eccentricity,closnesscentrality,harmonicclosnesscentrality,betweenesscentrality,modularity_class
oxnineteen07,oxnineteen07,,0,2,2,0,1,1,1,0,0
elonmusk,elonmusk,,948,0,948,1,0,0,0,0,0
toonswapfinance,toonswapfinance,,869,0,869,0.879818,0,0,0,0,0
cheolitowinz,cheolitowinz,,0,2,2,0,1,1,1,0,0
pprevos,pprevos,,0,1,1,0,1,1,1,0,85
tweetsbyhk,tweetsbyhk,,20,0,20,0.019773,0,0,0,0,85
mdowner11,mdowner11,,0,1,1,0,1,1,1,0,1
christoq,christoq,,145,1,146,0.398406,0,0,0,0,1
unlucky_meeh,unlucky_meeh,,0,2,2,0,1,1,1,0,0
j4sm1nex0x0_1,j4sm1nex0x0_1,,0,2,2,0,1,1,1,0,0
dimplewin1,dimplewin1,,0,2,2,0,1,1,1,0,0
0xigent,0xigent,,0,3,3,0,1,1,1,0,47
angel_funsized,angel_funsized,,336,0,336,0.348287,0,0,0,0,47
novemberhokii,novemberhokii,,0,2,2,0,1,1,1,0,0
itsmehyacinth_,itsmehyacinth_,,0,2,2,0,1,1,1,0,0
ox_minniewin,ox_minniewin,,0,2,2,0,1,1,1,0,0
pommawolf,pommawolf,,0,1,1,0,1,1,1,0,2
lynn_of_cait,lynn_of_cait,,9,0,9,0.008898,0,0,0,0,2
auflevelnn,auflevelnn,,0,2,2,0,1,1,1,0,0
shaikh9bigwin,shaikh9bigwin,,0,2,2,0,1,1,1,0,0
shinryuzean,shinryuzean,,0,2,2,0,1,1,1,0,0
queenza_vitte,queenza_vitte,,1,1,2,0.002748,0,0,0,0,3
reen___01,reen___01,,0,1,1,0,1,1,1,0,47
hello_sherem,hello_sherem,,0,2,2,0,1,1,1,0,47
anrofii15_,anrofii15_,,0,2,2,0,1,1,1,0,0
vvorldcup2022,vvorldcup2022,,0,2,2,0,1,1,1,0,0
jirobigwin,jirobigwin,,0,1,1,0,1,1,1,0,47
oursaturnmark,oursaturnmark,,0,2,2,0,1,1,1,0,0
0xwoles,0xwoles,,0,2,2,0,1,1,1,0,0
oxvessel,oxvessel,,0,3,3,0,1,1,1,0,47
hannywidia,hannywidia,,0,2,2,0,1,1,1,0,0
philfelix12,philfelix12,,0,1,1,0,1,1,1,0,4
matthewjmartin_,matthewjmartin_,,9,0,9,0.008898,0,0,0,0,4
pengenwin18,pengenwin18,,0,2,2,0,1,1,1,0,0
baekhyunwoxn,baekhyunwoxn,,0,2,2,0,1,1,1,0,0
jf_samosir,jf_samosir,,0,2,2,0,1,1,1,0,0
katedailywins_,katedailywins_,,0,3,3,0,1,1,1,0,47
0xnovrain,0xnovrain,,0,2,2,0,1,1,1,0,0
jizzen99,jizzen99,,0,3,3,0,1,1,1,0,47
tentuaja_bigwin,tentuaja_bigwin,,0,1,1,0,1,1,1,0,47
nlyyyx,nlyyyx,,0,2,2,0,1,1,1,0,0
dnimmersatt,dnimmersatt,,1,1,2,0.002748,0,0,0,0,5
lohawins,lohawins,,0,2,2,0,1,1,1,0,0
eiooonp,eiooonp,,0,1,1,0,1,1,1,0,47
mwilanhabibi,mwilanhabibi,,0,2,2,0,1,1,1,0,0
hokisuperwin,hokisuperwin,,0,2,2,0,1,1,1,0,0
shahidmichaels1,shahidmichaels1,,0,1,1,0,1,1,1,0,6
anchor_charul,anchor_charul,,8,0,8,0.007909,0,0,0,0,6
bj_jackson25,bj_jackson25,,0,2,2,0,1,1,1,0,0
luck1xm4,luck1xm4,,0,2,2,0,1,1,1,0,0
arshakaalbarra,arshakaalbarra,,0,2,2,0,1,1,1,0,0
latteraui,latteraui,,0,3,3,0,1,1,1,0,47
kyo_lira,kyo_lira,,0,2,2,0,1,1,1,0,0
soundofya,soundofya,,0,2,2,0,1,1,1,0,0
pradyxl,pradyxl,,1,1,2,0.002748,0,0,0,0,7
maire_elise_,maire_elise_,,0,1,1,0,2,0.571429,0.625,0,8
moistenedtart,moistenedtart,,16,3,19,0.015819,1,1,1,9,8
mediawarriory,mediawarriory,,1,1,2,0.002748,0,0,0,0,9
swoocaz,swoocaz,,0,2,2,0,1,1,1,0,0
klareimntfco,klareimntfco,,0,2,2,0,1,1,1,0,0
0xonyonzwin,0xonyonzwin,,0,2,2,0,1,1,1,0,0
saturnnbabe,saturnnbabe,,0,3,3,0,1,1,1,0,47
boronganbigwin,boronganbigwin,,0,3,3,0,1,1,1,0,47
rflmoy,rflmoy,,0,1,1,0,1,1,1,0,47
absalomedia,absalomedia,,0,1,1,0,1,1,1,0,85
gledekdor,gledekdor,,0,2,2,0,1,1,1,0,0
tuti_sutianah,tuti_sutianah,,0,3,3,0,1,1,1,0,47
0x_anak_soleh,0x_anak_soleh,,0,3,3,0,1,1,1,0,47
rintiksendumu4,rintiksendumu4,,0,2,2,0,1,1,1,0,0
bigwininnov22,bigwininnov22,,0,1,1,0,1,1,1,0,47
novbigwinncks15,novbigwinncks15,,0,2,2,0,1,1,1,0,0
bunda_biru,bunda_biru,,0,3,3,0,1,1,1,0,47
margeulihyuck,margeulihyuck,,0,2,2,0,1,1,1,0,0
renniwgib,renniwgib,,0,3,3,0,1,1,1,0,47
vicdeleon,vicdeleon,,1,1,2,0.002748,0,0,0,0,10
onemanarmy29,onemanarmy29,,0,3,3,0,1,1,1,0,47
nitin7716,nitin7716,,0,3,3,0,1,1,1,0,47
kuncupboy,kuncupboy,,0,1,1,0,1,1,1,0,47
0xywinny,0xywinny,,0,2,2,0,1,1,1,0,0
punyaanin,punyaanin,,0,2,2,0,1,1,1,0,0
oxmasdiditwin,oxmasdiditwin,,0,2,2,0,1,1,1,0,0
xxxtj,xxxtj,,0,2,2,0,1,1,1,0,0
tazcj,tazcj,,0,1,1,0,1,1,1,0,85
youanitachan09,youanitachan09,,0,1,1,0,1,1,1,0,47
nayyawin,nayyawin,,0,1,1,0,1,1,1,0,47
chinhoonie,chinhoonie,,0,2,2,0,1,1,1,0,0
calle_aves,calle_aves,,0,1,1,0,1,1,1,0,47
_thisisvictor,_thisisvictor,,0,1,1,0,1,1,1,0,1
ranjona,ranjona,,0,1,1,0,1,1,1,0,1
blueberryxicez,blueberryxicez,,0,2,2,0,1,1,1,0,0
sempolpedas,sempolpedas,,0,2,2,0,1,1,1,0,0
yenyen1215,yenyen1215,,0,3,3,0,1,1,1,0,47
johnsonthomi,johnsonthomi,,0,1,1,0,1,1,1,0,1
bbunnycuties,bbunnycuties,,0,2,2,0,1,1,1,0,0
colsy9,colsy9,,0,1,1,0,1,1,1,0,85
0x1wyn_,0x1wyn_,,0,2,2,0,1,1,1,0,0
sm_aurum,sm_aurum,,0,1,1,0,1,1,1,0,85
edithgdeherrera,edithgdeherrera,,0,5,5,0,1,1,1,0,11
ven,ven,,1,0,1,0.000989,0,0,0,0,11
kilitodenergia,kilitodenergia,,1,0,1,0.000989,0,0,0,0,11
luzm064,luzm064,,1,0,1,0.000989,0,0,0,0,11
gabydeas,gabydeas,,1,0,1,0.000989,0,0,0,0,11
weyoyeyo,weyoyeyo,,1,0,1,0.000989,0,0,0,0,11
clairebuis,clairebuis,,0,2,2,0,1,1,1,0,0
bigwindahlia,bigwindahlia,,0,1,1,0,1,1,1,0,47
pl4t_t,pl4t_t,,0,2,2,0,1,1,1,0,0
sylndri_jjh,sylndri_jjh,,0,3,3,0,1,1,1,0,47
widiyaseka,widiyaseka,,0,1,1,0,1,1,1,0,47
mrf1304,mrf1304,,0,2,2,0,1,1,1,0,0
ch0osen,ch0osen,,0,2,2,0,1,1,1,0,0
jaemagust_to_me,jaemagust_to_me,,0,1,1,0,1,1,1,0,47
lavlykaichen,lavlykaichen,,0,1,1,0,1,1,1,0,47
amitoocutefu,amitoocutefu,,0,2,2,0,1,1,1,0,0
jaemyeoja,jaemyeoja,,0,2,2,0,1,1,1,0,0
bubbibuuwins,bubbibuuwins,,0,2,2,0,1,1,1,0,0
lukilukullus,lukilukullus,,1,1,2,0.002748,0,0,0,0,12
kaito55174356,kaito55174356,,0,1,1,0,1,1,1,0,47
ctheniaxxi,ctheniaxxi,,0,1,1,0,1,1,1,0,47
luckyoombie,luckyoombie,,0,2,2,0,1,1,1,0,0
arvsx28,arvsx28,,0,1,1,0,1,1,1,0,47
grt8t,grt8t,,1,1,2,0.002748,0,0,0,0,13
wxw_bigcity1111,wxw_bigcity1111,,0,1,1,0,1,1,1,0,47
b1gwin_terus,b1gwin_terus,,0,2,2,0,1,1,1,0,0
khimphotxszzz,khimphotxszzz,,0,2,2,0,1,1,1,0,0
najicha_05,najicha_05,,0,2,2,0,1,1,1,0,0
akilove202,akilove202,,0,2,2,0,1,1,1,0,0
cookinginaka,cookinginaka,,0,1,1,0,1,1,1,0,47
cityxbutuhuang,cityxbutuhuang,,0,1,1,0,1,1,1,0,47
win4ryu,win4ryu,,0,2,2,0,1,1,1,0,0
winawinmixufe,winawinmixufe,,0,1,1,0,1,1,1,0,47
camboaquila,camboaquila,,0,3,3,0,1,1,1,0,47
zubaidahwin,zubaidahwin,,0,2,2,0,1,1,1,0,0
beyangyang30,beyangyang30,,0,2,2,0,1,1,1,0,0
caantiikkk,caantiikkk,,0,2,2,0,1,1,1,0,0
alimohammd_,alimohammd_,,0,1,1,0,1,1,1,0,14
inzamamwahidi,inzamamwahidi,,1,0,1,0.000989,0,0,0,0,14
picknavariego11,picknavariego11,,0,3,3,0,1,1,1,0,47
mellifluousxx_,mellifluousxx_,,0,3,3,0,1,1,1,0,47
jaechilz,jaechilz,,0,1,1,0,1,1,1,0,47
chockinsandwich,chockinsandwich,,0,2,2,0,1,1,1,0,0
sapphire08g,sapphire08g,,0,1,1,0,1,1,1,0,15
emilyhuante,emilyhuante,,1,0,1,0.000989,0,0,0,0,15
prasannamohanty,prasannamohanty,,0,1,1,0,1,1,1,0,1
cestmoi_knsya,cestmoi_knsya,,0,2,2,0,1,1,1,0,0
raileighriego,raileighriego,,0,3,3,0,1,1,1,0,47
suri_crush,suri_crush,,0,1,1,0,1,1,1,0,47
doktorgoogle,doktorgoogle,,2,1,3,0.005495,0,0,0,0,16
partycoffee,partycoffee,,0,1,1,0,1,1,1,0,16
aff_bigwin,aff_bigwin,,0,3,3,0,1,1,1,0,47
daylieghts,daylieghts,,0,3,3,0,1,1,1,0,47
kepickmulu,kepickmulu,,0,1,1,0,1,1,1,0,47
hmmurti,hmmurti,,0,1,1,0,1,1,1,0,85
favcloudsss,favcloudsss,,0,1,1,0,1,1,1,0,47
0xwikudew,0xwikudew,,0,3,3,0,1,1,1,0,47
utamenang1,utamenang1,,0,2,2,0,1,1,1,0,0
cris18mary,cris18mary,,1,1,2,0.002748,0,0,0,0,17
tag_akurain,tag_akurain,,0,2,2,0,1,1,1,0,0
luckywiiiii,luckywiiiii,,0,3,3,0,1,1,1,0,47
gasukamu,gasukamu,,0,2,2,0,1,1,1,0,0
ncblxia,ncblxia,,0,2,2,0,1,1,1,0,0
cryptofvcker,cryptofvcker,,0,2,2,0,1,1,1,0,45
twitter,twitter,,17,0,17,0.022874,0,0,0,0,45
dingyungbato,dingyungbato,,0,1,1,0,1,1,1,0,47
itsluckymom,itsluckymom,,0,1,1,0,1,1,1,0,47
emah_morr,emah_morr,,0,2,2,0,1,1,1,0,0
okshellawin10,okshellawin10,,0,2,2,0,1,1,1,0,0
jus_cool2,jus_cool2,,0,2,2,0,1,1,1,0,0
cyasuzie,cyasuzie,,1,1,2,0.002748,0,0,0,0,18
novbigwin007_ja,novbigwin007_ja,,0,1,1,0,1,1,1,0,47
somitmakar,somitmakar,,0,1,1,0,1,1,1,0,0
izzarija876,izzarija876,,0,2,2,0,1,1,1,0,0
naaawinn,naaawinn,,0,1,1,0,1,1,1,0,47
the_freed_bird,the_freed_bird,,0,1,1,0,1,1,1,0,0
laliluckywin,laliluckywin,,0,1,1,0,1,1,1,0,47
jaemwinsxx,jaemwinsxx,,0,2,2,0,1,1,1,0,0
bigwinkiki,bigwinkiki,,0,1,1,0,1,1,1,0,47
patrynggg17,patrynggg17,,0,2,2,0,1,1,1,0,0
afandiuyee94,afandiuyee94,,0,1,1,0,1,1,1,0,47
oxpickawabc,oxpickawabc,,0,1,1,0,1,1,1,0,47
dendysz,dendysz,,0,2,2,0,1,1,1,0,0
maroofajaskani,maroofajaskani,,0,1,1,0,1,1,1,0,19
ashmanlarokar,ashmanlarokar,,4,0,4,0.003955,0,0,0,0,19
inikiizee,inikiizee,,0,3,3,0,1,1,1,0,47
oxoctowin,oxoctowin,,0,1,1,0,1,1,1,0,47
lycorisy,lycorisy,,0,1,1,0,1,1,1,0,1
akunhokibgt,akunhokibgt,,0,3,3,0,1,1,1,0,47
foeveryedam,foeveryedam,,0,1,1,0,1,1,1,0,47
katievoteblue,katievoteblue,,0,1,1,0,1,1,1,0,1
oxmina77,oxmina77,,0,2,2,0,1,1,1,0,0
ayangbri,ayangbri,,0,3,3,0,1,1,1,0,47
oxtoberlucky,oxtoberlucky,,0,3,3,0,1,1,1,0,47
yaallahyarazzaq,yaallahyarazzaq,,0,2,2,0,1,1,1,0,0
baebaebigw1n__,baebaebigw1n__,,0,2,2,0,1,1,1,0,0
wilujeungwin,wilujeungwin,,0,3,3,0,1,1,1,0,47
ankushdamania,ankushdamania,,0,1,1,0,1,1,1,0,20
etnowlive,etnowlive,,1,0,1,0.000989,0,0,0,0,20
peekaysinha,peekaysinha,,0,1,1,0,1,1,1,0,21
mattbinder,mattbinder,,1,0,1,0.000989,0,0,0,0,21
a3rifree,a3rifree,,0,2,2,0,1,1,1,0,0
jihan0corn,jihan0corn,,0,2,2,0,1,1,1,0,0
yogeshk78152899,yogeshk78152899,,0,1,1,0,1,1,1,0,6
jagvng,jagvng,,0,2,2,0,1,1,1,0,0
sgdmnq,sgdmnq,,0,2,2,0,1,1,1,0,0
hokiwinterus,hokiwinterus,,0,2,2,0,1,1,1,0,0
itsme_jonnib,itsme_jonnib,,0,1,1,0,1,1,1,0,1
rizqia2291,rizqia2291,,0,1,1,0,1,1,1,0,47
minjinoona04,minjinoona04,,0,3,3,0,1,1,1,0,47
bebelabyu2,bebelabyu2,,0,1,1,0,1,1,1,0,47
yrw1nxz,yrw1nxz,,0,2,2,0,1,1,1,0,0
gail_nestel,gail_nestel,,0,1,1,0,1,1,1,0,85
jamespay123,jamespay123,,0,1,1,0,1,1,1,0,47
0xdeivbigwin,0xdeivbigwin,,0,2,2,0,1,1,1,0,0
jerometzy69,jerometzy69,,0,1,1,0,1,1,1,0,47
mustissarii1_,mustissarii1_,,0,3,3,0,1,1,1,0,47
mercusuarv,mercusuarv,,0,2,2,0,1,1,1,0,0
sunildsouzaa_,sunildsouzaa_,,0,3,3,0,1,1,1,0,47
imdemsy,imdemsy,,0,1,1,0,1,1,1,0,47
stelenafoster,stelenafoster,,0,1,1,0,1,1,1,0,22
sanaban55403916,sanaban55403916,,1,0,1,0.000989,0,0,0,0,22
reycityx,reycityx,,0,1,1,0,1,1,1,0,47
bigoxwinsxx,bigoxwinsxx,,0,1,1,0,1,1,1,0,47
kapanwinnih,kapanwinnih,,0,2,2,0,1,1,1,0,0
kepkepmu,kepkepmu,,0,1,1,0,1,1,1,0,47
citognolotic,citognolotic,,0,1,1,0,1,1,1,0,0
nurshifah_,nurshifah_,,0,1,1,0,1,1,1,0,47
maxxzyt,maxxzyt,,0,1,1,0,1,1,1,0,47
0xbigwinayo,0xbigwinayo,,0,1,1,0,1,1,1,0,47
jugheadj17,jugheadj17,,0,2,2,0,1,1,1,0,0
marchwrj,marchwrj,,0,2,2,0,1,1,1,0,0
satyamulya2011,satyamulya2011,,0,1,1,0,1,1,1,0,47
nopvemberbigwin,nopvemberbigwin,,0,2,2,0,1,1,1,0,0
rickycbookwinx,rickycbookwinx,,0,2,2,0,1,1,1,0,0
0xhokiakun,0xhokiakun,,0,3,3,0,1,1,1,0,47
renee659799,renee659799,,0,1,1,0,1,1,1,0,4
loeyghn,loeyghn,,0,2,2,0,1,1,1,0,0
ashwinsx,ashwinsx,,0,3,3,0,1,1,1,0,47
bigwincantixx,bigwincantixx,,0,3,3,0,1,1,1,0,47
aluxxes,aluxxes,,0,1,1,0,1,1,1,0,23
lyndastraffin,lyndastraffin,,1,0,1,0.000989,0,0,0,0,23
joining4living,joining4living,,0,2,2,0,1,1,1,0,0
ajeemcityx,ajeemcityx,,0,2,2,0,1,1,1,0,0
dipickpickaw,dipickpickaw,,0,2,2,0,1,1,1,0,0
sseulbigwiin,sseulbigwiin,,0,3,3,0,1,1,1,0,47
luxeksy_,luxeksy_,,0,2,2,0,1,1,1,0,0
randomgamer765,randomgamer765,,0,1,1,0,1,1,1,0,1
mamamokyots,mamamokyots,,0,2,2,0,1,1,1,0,0
heonijay__,heonijay__,,0,2,2,0,1,1,1,0,0
hoonie_mylover,hoonie_mylover,,0,2,2,0,1,1,1,0,0
inisummy,inisummy,,0,2,2,0,1,1,1,0,0
smopobennifer,smopobennifer,,0,1,1,0,1,1,1,0,45
realdonaldtrump,realdonaldtrump,,11,0,11,0.015404,0,0,0,0,45
oxmatt_21,oxmatt_21,,0,1,1,0,1,1,1,0,47
pasrahbigwinnnn,pasrahbigwinnnn,,0,2,2,0,1,1,1,0,0
syukvr,syukvr,,0,2,2,0,1,1,1,0,0
ryzkymamahqu,ryzkymamahqu,,0,2,2,0,1,1,1,0,0
ox_tober_win9,ox_tober_win9,,0,2,2,0,1,1,1,0,0
coyotze,coyotze,,0,2,2,0,1,1,1,0,0
alohaluhan,alohaluhan,,0,2,2,0,1,1,1,0,0
rezekinaila8,rezekinaila8,,0,1,1,0,1,1,1,0,47
novwinamyxtic,novwinamyxtic,,0,2,2,0,1,1,1,0,0
jamiejwhite1,jamiejwhite1,,0,1,1,0,1,1,1,0,0
24terrabyte,24terrabyte,,0,3,3,0,1,1,1,0,47
cof1w1ns,cof1w1ns,,0,1,1,0,1,1,1,0,47
mylonceng,mylonceng,,0,2,2,0,1,1,1,0,0
medibigwin,medibigwin,,0,3,3,0,1,1,1,0,47
tareksh44753169,tareksh44753169,,0,1,1,0,1,1,1,0,47
tyongcityx_,tyongcityx_,,0,2,2,0,1,1,1,0,0
sakiliyadtari,sakiliyadtari,,0,1,1,0,1,1,1,0,47
jmparkim_,jmparkim_,,0,2,2,0,1,1,1,0,0
twinsa2122,twinsa2122,,0,1,1,0,1,1,1,0,47
luh_titisuri,luh_titisuri,,0,1,1,0,1,1,1,0,47
3llaxie,3llaxie,,0,2,2,0,1,1,1,0,0
heeltellen,heeltellen,,0,2,2,0,1,1,1,0,24
umarebru,umarebru,,1,0,1,0.000989,0,0,0,0,24
hugodejonge,hugodejonge,,1,0,1,0.000989,0,0,0,0,24
tyongfavs,tyongfavs,,0,1,1,0,1,1,1,0,47
jhojhoseiwai,jhojhoseiwai,,0,1,1,0,1,1,1,0,47
hope_94ers,hope_94ers,,0,1,1,0,1,1,1,0,47
martnicap,martnicap,,0,3,3,0,1,1,1,0,47
berikamibigwin9,berikamibigwin9,,0,2,2,0,1,1,1,0,0
88wincityx,88wincityx,,0,3,3,0,1,1,1,0,47
abbaskhalil44,abbaskhalil44,,0,1,1,0,1,1,1,0,47
abcdefghijwi,abcdefghijwi,,0,3,3,0,1,1,1,0,0
annalaughy,annalaughy,,0,1,1,0,1,1,1,0,47
yumyamyqm,yumyamyqm,,0,2,2,0,1,1,1,0,0
0xtakashimons,0xtakashimons,,0,2,2,0,1,1,1,0,0
0x_mywin,0x_mywin,,0,2,2,0,1,1,1,0,0
iaamriegoluck,iaamriegoluck,,0,3,3,0,1,1,1,0,47
hiyyexell,hiyyexell,,0,2,2,0,1,1,1,0,0
oxbigwinzx,oxbigwinzx,,0,2,2,0,1,1,1,0,0
americaboy4pres,americaboy4pres,,0,1,1,0,1,1,1,0,45
bigwin4me9,bigwin4me9,,0,2,2,0,1,1,1,0,0
gunawan85930198,gunawan85930198,,0,1,1,0,1,1,1,0,47
wangymoney,wangymoney,,0,3,3,0,1,1,1,0,0
claimthebigwin,claimthebigwin,,0,1,1,0,1,1,1,0,47
itsjdyfrst,itsjdyfrst,,0,2,2,0,1,1,1,0,0
youwinskrrt7,youwinskrrt7,,0,1,1,0,1,1,1,0,47
lartist580,lartist580,,0,1,1,0,1,1,1,0,0
lelandemcknight,lelandemcknight,,1,1,2,0.002748,0,0,0,0,25
sinyo1899,sinyo1899,,0,2,2,0,1,1,1,0,0
truntemus73,truntemus73,,0,1,1,0,1,1,1,0,1
volkeer23,volkeer23,,0,1,1,0,1,1,1,0,47
cheetahctyx,cheetahctyx,,0,3,3,0,1,1,1,0,47
epicnovember21,epicnovember21,,0,2,2,0,1,1,1,0,0
liawin30,liawin30,,0,1,1,0,1,1,1,0,47
oxannais,oxannais,,0,1,1,0,1,1,1,0,47
winnnsbs,winnnsbs,,0,1,1,0,1,1,1,0,47
beepbopp_bun,beepbopp_bun,,0,1,1,0,1,1,1,0,0
ucup_86813,ucup_86813,,0,1,1,0,1,1,1,0,47
gandossfullwinx,gandossfullwinx,,0,2,2,0,1,1,1,0,0
lisaletmewinpls,lisaletmewinpls,,0,3,3,0,1,1,1,0,0
de_arasyy7,de_arasyy7,,0,2,2,0,1,1,1,0,0
mama_lorenwin,mama_lorenwin,,0,1,1,0,1,1,1,0,47
gods_ofgambler,gods_ofgambler,,0,2,2,0,1,1,1,0,0
wyvmiracle,wyvmiracle,,0,2,2,0,1,1,1,0,0
minigrib,minigrib,,0,2,2,0,1,1,1,0,0
jonsbigwincityx,jonsbigwincityx,,0,2,2,0,1,1,1,0,0
notnuub_0,notnuub_0,,0,2,2,0,1,1,1,0,0
ox_titik,ox_titik,,0,1,1,0,1,1,1,0,47
artus_tm86,artus_tm86,,0,2,2,0,1,1,1,0,0
chaenggyuwu,chaenggyuwu,,0,2,2,0,1,1,1,0,0
jweunoia,jweunoia,,0,2,2,0,1,1,1,0,0
leamiss0h,leamiss0h,,0,3,3,0,1,1,1,0,47
hello_hun98,hello_hun98,,0,2,2,0,1,1,1,0,0
rejokliwon,rejokliwon,,0,1,1,0,1,1,1,0,47
byundinda1919,byundinda1919,,0,1,1,0,1,1,1,0,47
dms12444,dms12444,,0,1,1,0,1,1,1,0,1
pickbigwinava,pickbigwinava,,0,3,3,0,1,1,1,0,47
bmmissufe,bmmissufe,,0,1,1,0,1,1,1,0,47
wonuberi,wonuberi,,0,2,2,0,1,1,1,0,0
feisyaaa995,feisyaaa995,,0,1,1,0,1,1,1,0,47
shailes07428152,shailes07428152,,0,1,1,0,1,1,1,0,6
ziabigwiin,ziabigwiin,,0,2,2,0,1,1,1,0,0
sakurata_takada,sakurata_takada,,0,2,2,0,1,1,1,0,0
bubblebuster26,bubblebuster26,,1,1,2,0.002748,0,0,0,0,26
rifathbhai75,rifathbhai75,,1,1,2,0.002748,0,0,0,0,27
nov3mber_alexia,nov3mber_alexia,,0,2,2,0,1,1,1,0,0
manus1ab1asa16,manus1ab1asa16,,0,2,2,0,1,1,1,0,0
htcity,htcity,,2,1,3,0.005495,0,0,0,0,28
boobootraylor,boobootraylor,,0,1,1,0,1,1,1,0,28
samuelm61640414,samuelm61640414,,0,1,1,0,1,1,1,0,29
auntteefah,auntteefah,,3,0,3,0.002966,0,0,0,0,29
asbnewsindia,asbnewsindia,,1,1,2,0.002748,0,0,0,0,30
lenghtymeatpup1,lenghtymeatpup1,,1,1,2,0.002748,0,0,0,0,31
mindgamer024,mindgamer024,,0,2,2,0,1,1,1,0,32
sriramk,sriramk,,1,0,1,0.000989,0,0,0,0,32
ruojzmn777,ruojzmn777,,0,2,2,0,1,1,1,0,0
pugmothersue,pugmothersue,,0,1,1,0,1,1,1,0,33
crosswordpuzzlr,crosswordpuzzlr,,5,0,5,0.004943,0,0,0,0,33
naya46918398,naya46918398,,0,3,3,0,1,1,1,0,47
_mauwindong,_mauwindong,,0,3,3,0,1,1,1,0,47
juanb0218,juanb0218,,0,2,2,0,1,1,1,0,0
pazmanyg,pazmanyg,,0,1,1,0,1,1,1,0,45
w1nsjaemcityx,w1nsjaemcityx,,0,2,2,0,1,1,1,0,0
disinibigwin,disinibigwin,,0,2,2,0,1,1,1,0,0
jolietel2,jolietel2,,0,2,2,0,1,1,1,0,0
0xbella5juta,0xbella5juta,,0,2,2,0,1,1,1,0,0
deryderrr,deryderrr,,0,3,3,0,1,1,1,0,47
rand0mz01,rand0mz01,,0,1,1,0,1,1,1,0,47
bertanyea,bertanyea,,0,2,2,0,1,1,1,0,0
htoenne,htoenne,,1,1,2,0.002748,0,0,0,0,34
aylisahxx,aylisahxx,,0,2,2,0,1,1,1,0,0
aaromwinwin,aaromwinwin,,0,2,2,0,1,1,1,0,0
with_witar,with_witar,,0,2,2,0,1,1,1,0,0
gfarquart,gfarquart,,0,1,1,0,1,1,1,0,33
3200nwilton44th,3200nwilton44th,,0,1,1,0,1,1,1,0,1
kreidefrinz,kreidefrinz,,0,2,2,0,1,1,1,0,0
romantico198205,romantico198205,,0,1,1,0,1,1,1,0,35
bdc_archive,bdc_archive,,6,0,6,0.005932,0,0,0,0,35
richardsjennie,richardsjennie,,0,1,1,0,1,1,1,0,1
trivanzu,trivanzu,,0,2,2,0,1,1,1,0,0
fabriceflorin,fabriceflorin,,0,3,3,0,1,1,1,0,45
kumimongku,kumimongku,,0,3,3,0,1,1,1,0,47
bywordofmaus,bywordofmaus,,0,1,1,0,1,1,1,0,2
blukutugg,blukutugg,,0,1,1,0,1,1,1,0,0
143yfful,143yfful,,0,2,2,0,1,1,1,0,0
cooootiepie,cooootiepie,,0,2,2,0,1,1,1,0,0
ubewinovember,ubewinovember,,0,2,2,0,1,1,1,0,0
28naini,28naini,,0,2,2,0,1,1,1,0,0
brownsugahpromo,brownsugahpromo,,1,2,3,0.002748,1,1,1,0,36
utoday_en,utoday_en,,1,0,1,0.002748,0,0,0,0,36
fanturu,fanturu,,0,3,3,0,1,1,1,0,47
bigdecision88,bigdecision88,,1,1,2,0.002748,0,0,0,0,37
chuzshen,chuzshen,,0,3,3,0,1,1,1,0,47
girlwithbanjo,girlwithbanjo,,1,1,2,0.002748,0,0,0,0,38
bigwinpickaww,bigwinpickaww,,0,2,2,0,1,1,1,0,0
aijjnn_,aijjnn_,,0,3,3,0,1,1,1,0,47
nanda88852886,nanda88852886,,0,2,2,0,1,1,1,0,39
karaswisher,karaswisher,,1,0,1,0.000989,0,0,0,0,39
kimdotcom,kimdotcom,,1,0,1,0.000989,0,0,0,0,39
saturdaexi,saturdaexi,,0,2,2,0,1,1,1,0,0
froesthy,froesthy,,0,2,2,0,1,1,1,0,0
shandychiks_,shandychiks_,,0,3,3,0,1,1,1,0,47
tripleoct10,tripleoct10,,0,2,2,0,1,1,1,0,0
bestirose,bestirose,,0,3,3,0,1,1,1,0,0
atun20232428,atun20232428,,0,2,2,0,1,1,1,0,0
novemberluckywn,novemberluckywn,,0,2,2,0,1,1,1,0,0
le_sserafim918,le_sserafim918,,0,2,2,0,1,1,1,0,0
oxlucky_rocky1,oxlucky_rocky1,,0,2,2,0,1,1,1,0,0
suunlights,suunlights,,0,3,3,0,1,1,1,0,47
cryto_kasih1482,cryto_kasih1482,,0,2,2,0,1,1,1,0,0
luckxygirl,luckxygirl,,0,3,3,0,1,1,1,0,47
virendra009x,virendra009x,,0,1,1,0,1,1,1,0,40
khaleejtimes,khaleejtimes,,3,1,4,0.008243,0,0,0,0,40
wineyey,wineyey,,0,2,2,0,1,1,1,0,0
0xwinoi14,0xwinoi14,,0,1,1,0,1,1,1,0,47
daechweeta,daechweeta,,0,3,3,0,1,1,1,0,0
bolehdongwin,bolehdongwin,,0,2,2,0,1,1,1,0,0
chjhlng,chjhlng,,0,2,2,0,1,1,1,0,0
yobahagia,yobahagia,,0,2,2,0,1,1,1,0,0
tallhandsomewin,tallhandsomewin,,0,2,2,0,1,1,1,0,0
bigwinterusnich,bigwinterusnich,,0,1,1,0,1,1,1,0,47
abcongrats,abcongrats,,0,3,3,0,1,1,1,0,47
makashkr03,makashkr03,,0,2,2,0,1,1,1,0,0
piwpow_,piwpow_,,0,3,3,0,1,1,1,0,47
thisnd_,thisnd_,,0,2,2,0,1,1,1,0,0
akashrane22,akashrane22,,0,2,2,0,1,1,1,0,0
qilauty,qilauty,,0,2,2,0,1,1,1,0,0
lulafat_614,lulafat_614,,0,1,1,0,1,1,1,0,47
oxwinjk122_,oxwinjk122_,,0,2,2,0,1,1,1,0,0
kalilineaux,kalilineaux,,0,1,1,0,1,1,1,0,1
a_rohmanhadi,a_rohmanhadi,,0,3,3,0,1,1,1,0,47
_watanabees,_watanabees,,0,2,2,0,1,1,1,0,0
cipungwin45,cipungwin45,,0,2,2,0,1,1,1,0,0
hunterpenasaran,hunterpenasaran,,0,1,1,0,1,1,1,0,47
gushciouus,gushciouus,,0,3,3,0,1,1,1,0,47
hochisae,hochisae,,0,3,3,0,1,1,1,0,0
bigwinnov,bigwinnov,,0,3,3,0,1,1,1,0,0
echoheartx,echoheartx,,0,1,1,0,1,1,1,0,85
capekrtterus,capekrtterus,,0,2,2,0,1,1,1,0,0
0xkani,0xkani,,0,2,2,0,1,1,1,0,0
pororobigwinn,pororobigwinn,,0,2,2,0,1,1,1,0,0
shellalubigwin,shellalubigwin,,0,2,2,0,1,1,1,0,0
4mey_y00n93,4mey_y00n93,,0,2,2,0,1,1,1,0,0
19961995sw,19961995sw,,0,1,1,0,1,1,1,0,41
morphthecat1,morphthecat1,,1,0,1,0.000989,0,0,0,0,41
oxblessed_81619,oxblessed_81619,,0,2,2,0,1,1,1,0,0
rubbymybaby,rubbymybaby,,0,2,2,0,1,1,1,0,0
queentymla,queentymla,,0,1,1,0,1,1,1,0,47
mjshanklinrn,mjshanklinrn,,0,1,1,0,1,1,1,0,33
martyriego,martyriego,,0,3,3,0,1,1,1,0,47
zyyuuki,zyyuuki,,0,1,1,0,1,1,1,0,47
russselljamie,russselljamie,,1,1,2,0.002748,0,0,0,0,42
nuraprileni,nuraprileni,,0,2,2,0,1,1,1,0,0
0xbigwinsjakey,0xbigwinsjakey,,0,2,2,0,1,1,1,0,0
snow_wrld999,snow_wrld999,,0,3,3,0,1,1,1,0,47
xsai__,xsai__,,0,2,2,0,1,1,1,0,0
o20182md,o20182md,,0,2,2,0,1,1,1,0,0
uz4nkbigwin,uz4nkbigwin,,0,3,3,0,1,1,1,0,47
hartatahtaara,hartatahtaara,,0,2,2,0,1,1,1,0,0
4meric4nidiot,4meric4nidiot,,0,3,3,0,1,1,1,0,47
takdirmanisku,takdirmanisku,,0,2,2,0,1,1,1,0,0
0xblessexa,0xblessexa,,0,2,2,0,1,1,1,0,0
sajjukhabbu,sajjukhabbu,,0,2,2,0,1,1,1,0,0
misstypagirl,misstypagirl,,0,3,3,0,1,1,1,0,47
jmnwinluck7,jmnwinluck7,,0,2,2,0,1,1,1,0,0
zakiihdi,zakiihdi,,0,1,1,0,1,1,1,0,1
sipalingmenaang,sipalingmenaang,,0,2,2,0,1,1,1,0,0
friendster_2008,friendster_2008,,0,2,2,0,1,1,1,0,0
_burner_acct,_burner_acct,,0,1,1,0,2,0.571429,0.625,0,8
oxbigwinstrus,oxbigwinstrus,,0,2,2,0,1,1,1,0,0
bntyhntr_77,bntyhntr_77,,0,2,2,0,1,1,1,0,0
oxgeralyn28,oxgeralyn28,,0,2,2,0,1,1,1,0,0
meowsinwinscity,meowsinwinscity,,0,2,2,0,1,1,1,0,0
oxamitkr,oxamitkr,,0,2,2,0,1,1,1,0,0
oxuffe,oxuffe,,0,3,3,0,1,1,1,0,47
adi0981,adi0981,,0,1,1,0,1,1,1,0,19
c4ts7d0n,c4ts7d0n,,0,2,2,0,1,1,1,0,0
phnximam,phnximam,,0,3,3,0,1,1,1,0,47
southernomaeng,southernomaeng,,0,1,1,0,1,1,1,0,0
bosengakwin99,bosengakwin99,,0,2,2,0,1,1,1,0,0
cowcoo__,cowcoo__,,0,3,3,0,1,1,1,0,47
0xmoonxwins,0xmoonxwins,,0,2,2,0,1,1,1,0,0
l0eyvemberwins,l0eyvemberwins,,0,2,2,0,1,1,1,0,0
edoi_101,edoi_101,,0,2,2,0,1,1,1,0,0
sendokkemass,sendokkemass,,0,2,2,0,1,1,1,0,0
ddaengice,ddaengice,,0,2,2,0,1,1,1,0,0
adiant_02,adiant_02,,0,3,3,0,1,1,1,0,47
pickmeyohooo,pickmeyohooo,,0,2,2,0,1,1,1,0,0
0xmamoru,0xmamoru,,0,2,2,0,1,1,1,0,0
bigwinzjuseyo,bigwinzjuseyo,,0,2,2,0,1,1,1,0,0
harshit53884063,harshit53884063,,0,1,1,0,1,1,1,0,1
missrisdacityx,missrisdacityx,,0,2,2,0,1,1,1,0,0
ah_fauzh,ah_fauzh,,0,2,2,0,1,1,1,0,0
wineet_the_pooh,wineet_the_pooh,,0,1,1,0,1,1,1,0,1
ben2bigwin,ben2bigwin,,0,2,2,0,1,1,1,0,0
aegicherry,aegicherry,,0,3,3,0,1,1,1,0,47
makjwins,makjwins,,0,2,2,0,1,1,1,0,0
0x_hallowin,0x_hallowin,,0,2,2,0,1,1,1,0,0
marebello,marebello,,0,1,1,0,1,1,1,0,1
sevendreamjen,sevendreamjen,,0,3,3,0,1,1,1,0,47
caw3t_,caw3t_,,0,3,3,0,1,1,1,0,47
fzirm,fzirm,,0,1,1,0,1,1,1,0,2
quelinda526,quelinda526,,0,3,3,0,1,1,1,0,47
iloveyoulodsko,iloveyoulodsko,,0,3,3,0,1,1,1,0,0
dflavorl,dflavorl,,0,2,2,0,1,1,1,0,0
naninaylucky_24,naninaylucky_24,,0,2,2,0,1,1,1,0,0
fortysix2020,fortysix2020,,1,1,2,0.002748,0,0,0,0,43
addyanthi,addyanthi,,1,4,5,0.002748,1,1,1,0,47
jikooktaa,jikooktaa,,0,3,3,0,1,1,1,0,0
dineshkumarsg79,dineshkumarsg79,,0,3,3,0,1,1,1,0,0
mutmiaw,mutmiaw,,0,2,2,0,1,1,1,0,0
hhendrassonx,hhendrassonx,,0,3,3,0,1,1,1,0,47
montefalco28_,montefalco28_,,0,2,2,0,1,1,1,0,0
0xbigwin04oct,0xbigwin04oct,,0,3,3,0,1,1,1,0,0
luckyhuu,luckyhuu,,0,3,3,0,1,1,1,0,47
huniefewin,huniefewin,,0,2,2,0,1,1,1,0,0
win1ferrer,win1ferrer,,0,2,2,0,1,1,1,0,0
kropeckaw,kropeckaw,,0,2,2,0,1,1,1,0,0
robwestonshow,robwestonshow,,0,1,1,0,1,1,1,0,0
0xengcawet,0xengcawet,,0,2,2,0,1,1,1,0,0
swertemberox28,swertemberox28,,0,2,2,0,1,1,1,0,0
calmb4storm0,calmb4storm0,,0,1,1,0,1,1,1,0,44
jonlionfineart2,jonlionfineart2,,3,0,3,0.002966,0,0,0,0,44
karungduit,karungduit,,0,2,2,0,1,1,1,0,0
jeyejeriel,jeyejeriel,,0,2,2,0,1,1,1,0,0
bapakkau_win,bapakkau_win,,0,2,2,0,1,1,1,0,0
zxmakeuyi,zxmakeuyi,,1,4,5,0.002748,1,1,1,0,47
0xjaemcityx12,0xjaemcityx12,,0,2,2,0,1,1,1,0,0
hanjibbit,hanjibbit,,0,2,2,0,1,1,1,0,0
sekarbigwinn,sekarbigwinn,,0,2,2,0,1,1,1,0,0
sprinkalty,sprinkalty,,0,2,2,0,1,1,1,0,0
nadired_93,nadired_93,,0,2,2,0,1,1,1,0,0
theholetweet,theholetweet,,1,2,3,0.000989,1,1,1,0,45
charitybottoms,charitybottoms,,0,3,3,0,1,1,1,0,45
everyiian,everyiian,,0,2,2,0,1,1,1,0,0
blindjustitia,blindjustitia,,0,1,1,0,1,1,1,0,46
brdimendstadium,brdimendstadium,,13,0,13,0.012853,0,0,0,0,46
straberree77,straberree77,,2,2,4,0.005495,1,1,1,1,47
shefell4russia,shefell4russia,,0,1,1,0,2,0.666667,0.75,0,47
fardin015,fardin015,,0,2,2,0,1,1,1,0,0
bigwinsnato1215,bigwinsnato1215,,0,2,2,0,1,1,1,0,0
0xwangisuper,0xwangisuper,,0,2,2,0,1,1,1,0,0
reigoomomshluc,reigoomomshluc,,0,2,2,0,1,1,1,0,0
chechewins,chechewins,,0,2,2,0,1,1,1,0,0
piala_dunia2022,piala_dunia2022,,0,2,2,0,1,1,1,0,0
deacon_gina,deacon_gina,,1,1,2,0.002748,0,0,0,0,48
maednight,maednight,,0,2,2,0,1,1,1,0,0
ynstn95_,ynstn95_,,0,2,2,0,1,1,1,0,0
ccbigwin,ccbigwin,,0,2,2,0,1,1,1,0,0
shymeowbuu,shymeowbuu,,0,2,2,0,1,1,1,0,49
riyasrivasta27,riyasrivasta27,,3,0,3,0.002966,0,0,0,0,49
alisha78_,alisha78_,,0,3,3,0,1,1,1,0,47
hiluwivi,hiluwivi,,0,2,2,0,1,1,1,0,0
oxangry_man5,oxangry_man5,,0,2,2,0,1,1,1,0,0
syajmna,syajmna,,0,2,2,0,1,1,1,0,0
jackcoolhooned,jackcoolhooned,,0,2,2,0,1,1,1,0,0
mrpicknava,mrpicknava,,0,2,2,0,1,1,1,0,0
ishujaahmedch,ishujaahmedch,,1,1,2,0.002748,0,0,0,0,50
bigwin30nov,bigwin30nov,,0,2,2,0,1,1,1,0,0
bang_moesky,bang_moesky,,0,3,3,0,1,1,1,0,47
novemberaxie,novemberaxie,,0,2,2,0,1,1,1,0,0
0dadingwe_,0dadingwe_,,0,1,1,0,1,1,1,0,47
fafahfauziah,fafahfauziah,,0,3,3,0,1,1,1,0,47
tyokorata,tyokorata,,0,1,1,0,1,1,1,0,1
0xsalucky17,0xsalucky17,,0,2,2,0,1,1,1,0,0
djamweker,djamweker,,0,2,2,0,1,1,1,0,0
imanilfc,imanilfc,,0,1,1,0,1,1,1,0,1
ingzoen_y4y4,ingzoen_y4y4,,0,2,2,0,1,1,1,0,0
joriki,joriki,,1,1,2,0.002748,0,0,0,0,51
signorcityx777,signorcityx777,,0,2,2,0,1,1,1,0,0
badai_win,badai_win,,0,3,3,0,1,1,1,0,47
entukcongrats,entukcongrats,,0,2,2,0,1,1,1,0,0
hyunhae15_,hyunhae15_,,0,2,2,0,1,1,1,0,0
bigwin27jt,bigwin27jt,,0,2,2,0,1,1,1,0,0
psychoyash_,psychoyash_,,0,2,2,0,1,1,1,0,0
jwekeyaa,jwekeyaa,,0,2,2,0,1,1,1,0,0
chill1choi,chill1choi,,0,2,2,0,1,1,1,0,0
kissseuigi,kissseuigi,,0,2,2,0,1,1,1,0,0
naksuchi,naksuchi,,0,3,3,0,1,1,1,0,47
inamull75314013,inamull75314013,,0,1,1,0,1,1,1,0,52
zah_eeer,zah_eeer,,2,0,2,0.001977,0,0,0,0,52
sumeyyttt,sumeyyttt,,0,1,1,0,1,1,1,0,53
dheerajsharmads,dheerajsharmads,,5,1,6,0.013738,0,0,0,0,53
hajatanwin,hajatanwin,,0,2,2,0,1,1,1,0,0
sarahandco3,sarahandco3,,0,1,1,0,1,1,1,0,85
novemberryw1n,novemberryw1n,,0,2,2,0,1,1,1,0,0
novemberbigwinz,novemberbigwinz,,0,2,2,0,1,1,1,0,0
bigwins4pcy,bigwins4pcy,,0,2,2,0,1,1,1,0,0
sihansipin,sihansipin,,0,2,2,0,1,1,1,0,0
thisisntjeongin,thisisntjeongin,,0,2,2,0,1,1,1,0,0
gorgeousbestie,gorgeousbestie,,0,2,2,0,1,1,1,0,0
bigwineve,bigwineve,,0,2,2,0,1,1,1,0,0
winingcity_65,winingcity_65,,0,2,2,0,1,1,1,0,0
kopisaoirse,kopisaoirse,,0,3,3,0,1,1,1,0,47
___nyajpg,___nyajpg,,0,2,2,0,1,1,1,0,0
migsgq2,migsgq2,,1,1,2,0.002748,0,0,0,0,54
goywillbegoy,goywillbegoy,,1,1,2,0.002748,0,0,0,0,55
dalhatutanimuk1,dalhatutanimuk1,,0,1,1,0,1,1,1,0,47
hackistaan_,hackistaan_,,0,1,1,0,1,1,1,0,0
demsluis,demsluis,,1,1,2,0.002748,0,0,0,0,56
ox1_gen_win,ox1_gen_win,,0,2,2,0,1,1,1,0,0
aaronsianen,aaronsianen,,1,1,2,0.002748,0,0,0,0,57
w0xskupeng01win,w0xskupeng01win,,0,3,3,0,1,1,1,0,47
0cot27,0cot27,,0,3,3,0,1,1,1,0,47
ryanjmarquis,ryanjmarquis,,0,1,1,0,1,1,1,0,0
kusum_bigwin,kusum_bigwin,,0,2,2,0,1,1,1,0,0
ky8ngbh,ky8ngbh,,0,3,3,0,1,1,1,0,47
wimpywin,wimpywin,,0,1,1,0,1,1,1,0,47
thea_sandiego,thea_sandiego,,0,2,2,0,1,1,1,0,0
menangbigwin11,menangbigwin11,,0,3,3,0,1,1,1,0,47
bigwinpickme22,bigwinpickme22,,0,3,3,0,1,1,1,0,47
_fa1thh,_fa1thh,,0,3,3,0,1,1,1,0,47
pickerswinterus,pickerswinterus,,0,2,2,0,1,1,1,0,0
simp4sun_,simp4sun_,,0,1,1,0,1,1,1,0,47
indahpramitaaa,indahpramitaaa,,0,2,2,0,1,1,1,0,0
aurorasih,aurorasih,,0,2,2,0,1,1,1,0,0
vg83201777,vg83201777,,0,1,1,0,1,1,1,0,46
ayangbigwin,ayangbigwin,,0,3,3,0,1,1,1,0,47
missufew1n_,missufew1n_,,0,2,2,0,1,1,1,0,0
reneekientz1,reneekientz1,,1,1,2,0.002748,0,0,0,0,58
n0winsyethuhu,n0winsyethuhu,,0,2,2,0,1,1,1,0,0
mileapoaddicy,mileapoaddicy,,0,2,2,0,1,1,1,0,0
totowerbabel,totowerbabel,,1,1,2,0.002748,0,0,0,0,59
0x_mamie_bigwin,0x_mamie_bigwin,,0,2,2,0,1,1,1,0,0
anil_2030,anil_2030,,0,1,1,0,1,1,1,0,45
yunoomesowell,yunoomesowell,,0,2,2,0,1,1,1,0,0
ox_mblo_300,ox_mblo_300,,0,2,2,0,1,1,1,0,0
sechslicht,sechslicht,,0,3,3,0,1,1,1,0,47
anxiciaa,anxiciaa,,0,2,2,0,1,1,1,0,0
mrsthunder_,mrsthunder_,,0,2,2,0,1,1,1,0,0
johnderpenis,johnderpenis,,1,1,2,0.002748,0,0,0,0,60
gernezwinn_,gernezwinn_,,0,3,3,0,1,1,1,0,47
jbradleyws,jbradleyws,,0,2,2,0,1,1,1,0,45
vero_kswin,vero_kswin,,0,2,2,0,1,1,1,0,0
ltyongie0107,ltyongie0107,,0,3,3,0,1,1,1,0,47
hurstbear11,hurstbear11,,0,1,1,0,1,1,1,0,61
nepa_patriot1,nepa_patriot1,,1,0,1,0.000989,0,0,0,0,61
bonbonito27,bonbonito27,,0,2,2,0,1,1,1,0,0
sappeurmajor,sappeurmajor,,0,1,1,0,1,1,1,0,46
hanyaretna,hanyaretna,,0,2,2,0,1,1,1,0,0
nextwinplease,nextwinplease,,0,2,2,0,1,1,1,0,0
vwinnerwinsx,vwinnerwinsx,,0,3,3,0,1,1,1,0,47
_sambooo,_sambooo,,0,1,1,0,1,1,1,0,47
deiq1115,deiq1115,,0,3,3,0,1,1,1,0,47
pikapriki,pikapriki,,0,2,2,0,1,1,1,0,0
redsox7560,redsox7560,,0,1,1,0,1,1,1,0,47
jesycious,jesycious,,0,2,2,0,1,1,1,0,0
mambusemur67,mambusemur67,,0,3,3,0,1,1,1,0,47
celticphilosop1,celticphilosop1,,0,1,1,0,1,1,1,0,2
ismael_drizzy24,ismael_drizzy24,,0,2,2,0,1,1,1,0,0
manwollen,manwollen,,1,1,2,0.002748,0,0,0,0,62
0xfortunata,0xfortunata,,0,2,2,0,1,1,1,0,0
_scoupsimnida,_scoupsimnida,,0,2,2,0,1,1,1,0,0
cryptogaylle,cryptogaylle,,0,2,2,0,1,1,1,0,0
wonkissed,wonkissed,,0,2,2,0,1,1,1,0,0
willie660761,willie660761,,0,1,1,0,1,1,1,0,63
dna,dna,,4,0,4,0.003955,0,0,0,0,63
august10_2001,august10_2001,,0,2,2,0,1,1,1,0,0
imma_nu3l,imma_nu3l,,0,2,2,0,1,1,1,0,0
imbron04winn,imbron04winn,,0,1,1,0,1,1,1,0,47
nanajmn_0813,nanajmn_0813,,0,2,2,0,1,1,1,0,0
cathleenkucz,cathleenkucz,,0,1,1,0,1,1,1,0,64
champnella,champnella,,1,0,1,0.000989,0,0,0,0,64
alwayswindong,alwayswindong,,0,2,2,0,1,1,1,0,0
nicnicm0,nicnicm0,,0,2,2,0,1,1,1,0,0
luckyinniewinsx,luckyinniewinsx,,0,3,3,0,1,1,1,0,47
oneindia,oneindia,,1,1,2,0.002748,0,0,0,0,65
iqbalwhock2,iqbalwhock2,,0,2,2,0,1,1,1,0,0
joem_wincityx78,joem_wincityx78,,0,2,2,0,1,1,1,0,0
bubble_vshi,bubble_vshi,,0,2,2,0,1,1,1,0,49
amber_hanners,amber_hanners,,0,2,2,0,1,1,1,0,0
bigwin97jt,bigwin97jt,,0,2,2,0,1,1,1,0,0
missucity,missucity,,0,2,2,0,1,1,1,0,0
saynskii,saynskii,,0,2,2,0,1,1,1,0,0
merlindigital,merlindigital,,0,1,1,0,1,1,1,0,40
roosterslord,roosterslord,,2,1,3,0.005495,0,0,0,0,66
delboy00789,delboy00789,,0,1,1,0,1,1,1,0,66
my_littleidea,my_littleidea,,0,2,2,0,1,1,1,0,0
monchaserwins,monchaserwins,,0,2,2,0,1,1,1,0,0
cdncrone,cdncrone,,0,1,1,0,1,1,1,0,85
sunblehgk,sunblehgk,,0,1,1,0,1,1,1,0,47
supermom05_,supermom05_,,0,2,2,0,1,1,1,0,0
lukwins29,lukwins29,,0,2,2,0,1,1,1,0,0
apka_ayush,apka_ayush,,0,1,1,0,1,1,1,0,6
luckycityx__,luckycityx__,,0,2,2,0,1,1,1,0,0
oxcipung,oxcipung,,0,3,3,0,1,1,1,0,47
berharapwinx0x0,berharapwinx0x0,,0,2,2,0,1,1,1,0,0
rickdavenport23,rickdavenport23,,0,1,1,0,1,1,1,0,1
daddyrhodes,daddyrhodes,,1,1,2,0.002748,0,0,0,0,67
0xcatteless,0xcatteless,,0,2,2,0,1,1,1,0,0
coyredland,coyredland,,0,1,1,0,1,1,1,0,2
baraya_19,baraya_19,,0,2,2,0,1,1,1,0,0
ciousmixx11,ciousmixx11,,0,2,2,0,1,1,1,0,0
bluexsapphyre,bluexsapphyre,,0,3,3,0,1,1,1,0,47
nyse_network,nyse_network,,0,1,1,0,1,1,1,0,2
0xlapilusbigwin,0xlapilusbigwin,,0,2,2,0,1,1,1,0,0
nicnavarre,nicnavarre,,0,1,1,0,1,1,1,0,1
cryptiousness,cryptiousness,,0,2,2,0,1,1,1,0,0
ty_peaches,ty_peaches,,0,2,2,0,1,1,1,0,0
amdwbctwin,amdwbctwin,,0,2,2,0,1,1,1,0,0
renomatasanoss,renomatasanoss,,0,2,2,0,1,1,1,0,0
lordtito1,lordtito1,,0,3,3,0,1,1,1,0,45
blessinsz,blessinsz,,4,0,4,0.003955,0,0,0,0,45
anandi1232,anandi1232,,0,1,1,0,1,1,1,0,1
winsouche,winsouche,,0,3,3,0,1,1,1,0,47
hirerome,hirerome,,0,1,1,0,1,1,1,0,53
mariemar12_,mariemar12_,,0,3,3,0,1,1,1,0,47
cabe_mahal45,cabe_mahal45,,0,2,2,0,1,1,1,0,0
mobigwinn,mobigwinn,,0,2,2,0,1,1,1,0,0
ramchrisali,ramchrisali,,0,1,1,0,1,1,1,0,0
aluckymuggle,aluckymuggle,,0,3,3,0,1,1,1,0,47
bill_merchant,bill_merchant,,0,1,1,0,1,1,1,0,1
dan_k22,dan_k22,,0,1,1,0,1,1,1,0,1
relatablevibez_,relatablevibez_,,0,1,1,0,1,1,1,0,68
frankz_moses,frankz_moses,,2,0,2,0.001977,0,0,0,0,68
fallin_autum,fallin_autum,,0,3,3,0,1,1,1,0,47
pickawdotcom,pickawdotcom,,0,2,2,0,1,1,1,0,0
affahiyabigwin_,affahiyabigwin_,,0,2,2,0,1,1,1,0,0
mccarverdawn,mccarverdawn,,0,1,1,0,1,1,1,0,1
sunlethsky,sunlethsky,,0,1,1,0,1,1,1,0,69
levelupcomus,levelupcomus,,2,0,2,0.001977,0,0,0,0,69
potuslikescoffe,potuslikescoffe,,0,2,2,0,1,1,1,0,0
loegoblok1,loegoblok1,,0,3,3,0,1,1,1,0,47
antifem34081818,antifem34081818,,0,1,1,0,1,1,1,0,70
monicagarkhel,monicagarkhel,,1,0,1,0.000989,0,0,0,0,70
ciandreiai_,ciandreiai_,,0,2,2,0,1,1,1,0,0
luckysachio2022,luckysachio2022,,0,2,2,0,1,1,1,0,0
hagialuckywin,hagialuckywin,,0,1,1,0,1,1,1,0,47
akhtara70201010,akhtara70201010,,0,1,1,0,1,1,1,0,35
ruledwiiin_21,ruledwiiin_21,,0,2,2,0,1,1,1,0,0
taglach,taglach,,0,2,2,0,1,1,1,0,0
berkahnvmbr,berkahnvmbr,,0,2,2,0,1,1,1,0,0
jvungsoo,jvungsoo,,0,2,2,0,1,1,1,0,0
juicy_cares23,juicy_cares23,,0,2,2,0,1,1,1,0,0
geby_superpli,geby_superpli,,0,2,2,0,1,1,1,0,0
alan_pales,alan_pales,,0,1,1,0,1,1,1,0,1
gardengnostic13,gardengnostic13,,0,1,1,0,1,1,1,0,69
rajaclover,rajaclover,,0,2,2,0,1,1,1,0,0
theukisamess,theukisamess,,1,1,2,0.002748,0,0,0,0,71
larasarumm,larasarumm,,0,2,2,0,1,1,1,0,0
clutterbells,clutterbells,,0,1,1,0,1,1,1,0,72
sarkysage2,sarkysage2,,1,0,1,0.000989,0,0,0,0,72
irumach,irumach,,0,3,3,0,1,1,1,0,47
jasminecze,jasminecze,,0,3,3,0,1,1,1,0,47
luckybigw1nmee,luckybigw1nmee,,0,2,2,0,1,1,1,0,0
q84_www,q84_www,,0,1,1,0,1,1,1,0,73
taringa,taringa,,2,0,2,0.001977,0,0,0,0,73
0xthvgyu,0xthvgyu,,1,4,5,0.002748,1,1,1,0,47
umeboshi11111,umeboshi11111,,0,3,3,0,1,1,1,0,47
mattb0ys,mattb0ys,,0,3,3,0,1,1,1,0,47
jenniezoki,jenniezoki,,0,3,3,0,1,1,1,0,47
lissmabiss,lissmabiss,,0,1,1,0,1,1,1,0,1
_oowgnoej,_oowgnoej,,0,1,1,0,1,1,1,0,47
carpedm_127,carpedm_127,,0,2,2,0,1,1,1,0,0
ohgabjagi,ohgabjagi,,0,3,3,0,1,1,1,0,47
erika_borkoles,erika_borkoles,,0,1,1,0,1,1,1,0,0
heatherviolett,heatherviolett,,0,1,1,0,1,1,1,0,1
poohsworld415,poohsworld415,,1,1,2,0.002748,0,0,0,0,74
e_jokesus,e_jokesus,,0,3,3,0,1,1,1,0,47
zkdlinahceah,zkdlinahceah,,0,2,2,0,1,1,1,0,0
0xed888,0xed888,,0,3,3,0,1,1,1,0,47
blackthoughtyt,blackthoughtyt,,0,1,1,0,1,1,1,0,1
pasrah7469,pasrah7469,,0,1,1,0,1,1,1,0,47
hakai1308,hakai1308,,0,2,2,0,1,1,1,0,0
luckyvsunluck,luckyvsunluck,,0,2,2,0,1,1,1,0,0
paranasmapili,paranasmapili,,0,3,3,0,1,1,1,0,0
oxpapsky,oxpapsky,,0,2,2,0,1,1,1,0,0
nikhita0311,nikhita0311,,0,2,2,0,1,1,1,0,0
bigfanbt,bigfanbt,,0,1,1,0,1,1,1,0,19
lagi2bigwin,lagi2bigwin,,0,2,2,0,1,1,1,0,0
tobe_1012,tobe_1012,,0,1,1,0,1,1,1,0,33
shivasblessings,shivasblessings,,0,2,2,0,1,1,1,0,0
oxwinyuk_,oxwinyuk_,,0,2,2,0,1,1,1,0,0
rianasaki,rianasaki,,0,1,1,0,1,1,1,0,47
soniasamoggia,soniasamoggia,,0,1,1,0,1,1,1,0,75
nicolettadec,nicolettadec,,1,0,1,0.000989,0,0,0,0,75
achierayers,achierayers,,0,2,2,0,1,1,1,0,0
susanpoe7,susanpoe7,,0,1,1,0,1,1,1,0,1
cgmirand,cgmirand,,1,1,2,0.002748,0,0,0,0,76
sylkykat,sylkykat,,0,1,1,0,1,1,1,0,44
drinceecityx_,drinceecityx_,,0,2,2,0,1,1,1,0,0
t_p_k,t_p_k,,0,1,1,0,1,1,1,0,1
w1ms88,w1ms88,,0,3,3,0,1,1,1,0,47
sureshs93167006,sureshs93167006,,0,1,1,0,1,1,1,0,77
economictimes,economictimes,,3,1,4,0.008243,0,0,0,0,77
eni5510,eni5510,,0,1,1,0,1,1,1,0,1
sipejuangdollar,sipejuangdollar,,0,2,2,0,1,1,1,0,0
multi09_,multi09_,,0,1,1,0,1,1,1,0,47
larissamarantz,larissamarantz,,0,1,1,0,1,1,1,0,1
lockwin8,lockwin8,,0,2,2,0,1,1,1,0,0
hokiluckwin,hokiluckwin,,0,2,2,0,1,1,1,0,0
crescendvo,crescendvo,,0,1,1,0,1,1,1,0,47
heyyy_thewinner,heyyy_thewinner,,0,2,2,0,1,1,1,0,0
arinicorn,arinicorn,,0,3,3,0,1,1,1,0,47
luckyracha,luckyracha,,0,2,2,0,1,1,1,0,0
aerish1485_,aerish1485_,,0,3,3,0,1,1,1,0,47
hannie17hae,hannie17hae,,0,2,2,0,1,1,1,0,0
fcotoscano,fcotoscano,,1,1,2,0.002748,0,0,0,0,78
0xkiwin,0xkiwin,,0,2,2,0,1,1,1,0,0
karmaalwayswin,karmaalwayswin,,0,2,2,0,1,1,1,0,0
saraumery,saraumery,,1,1,2,0.002748,0,0,0,0,79
0xjowellaa17_,0xjowellaa17_,,0,3,3,0,1,1,1,0,47
muklisjahat,muklisjahat,,0,3,3,0,1,1,1,0,47
sanaaaa_ali,sanaaaa_ali,,0,1,1,0,1,1,1,0,80
i_m_i_k_9,i_m_i_k_9,,4,0,4,0.003955,0,0,0,0,80
perfectionlearn,perfectionlearn,,0,2,2,0,1,1,1,0,81
ncte,ncte,,1,0,1,0.000989,0,0,0,0,81
brandon_abdon,brandon_abdon,,1,0,1,0.000989,0,0,0,0,81
cryptocity99,cryptocity99,,0,2,2,0,1,1,1,0,0
toastercloud,toastercloud,,0,1,1,0,1,1,1,0,1
swiftivie,swiftivie,,0,3,3,0,1,1,1,0,45
grazidimambro,grazidimambro,,0,1,1,0,1,1,1,0,82
reale_scenari,reale_scenari,,1,0,1,0.000989,0,0,0,0,82
baudollar_,baudollar_,,0,3,3,0,1,1,1,0,0
jiaeri918,jiaeri918,,0,2,2,0,1,1,1,0,0
algorevfx,algorevfx,,0,1,1,0,1,1,1,0,83
javierbayerri,javierbayerri,,1,0,1,0.000989,0,0,0,0,83
jtalvitie,jtalvitie,,0,1,1,0,1,1,1,0,84
thefinestcc,thefinestcc,,1,0,1,0.000989,0,0,0,0,84
hallowin22,hallowin22,,0,2,2,0,1,1,1,0,0
doncingalls,doncingalls,,0,1,1,0,1,1,1,0,1
kochanbigwin,kochanbigwin,,0,2,2,0,1,1,1,0,0
renjnzip,renjnzip,,0,2,2,0,1,1,1,0,0
winnertakong,winnertakong,,0,2,2,0,1,1,1,0,0
madbigw1n22,madbigw1n22,,0,2,2,0,1,1,1,0,0
anotherdeep,anotherdeep,,0,1,1,0,1,1,1,0,0
asim_simso,asim_simso,,0,2,2,0,1,1,1,0,0
kk_hnnie,kk_hnnie,,0,2,2,0,1,1,1,0,0
mmogaddict,mmogaddict,,0,1,1,0,1,1,1,0,85
ahmadkhan326,ahmadkhan326,,5,0,5,0.004943,0,0,0,0,85
arizonaseminole,arizonaseminole,,0,1,1,0,1,1,1,0,1
qhancroft,qhancroft,,4,0,4,0.003955,0,0,0,0,1
kingcrypto1986,kingcrypto1986,,0,2,2,0,1,1,1,0,86
timmyandchloe,timmyandchloe,,1,0,1,0.000989,0,0,0,0,86
citouvillesxx,citouvillesxx,,0,2,2,0,1,1,1,0,0
valverybigwins,valverybigwins,,0,2,2,0,1,1,1,0,0
0xyrhynchx,0xyrhynchx,,0,2,2,0,1,1,1,0,0
umaybebewins,umaybebewins,,0,3,3,0,1,1,1,0,47
0xnovw1nz,0xnovw1nz,,0,2,2,0,1,1,1,0,0
code7lucky,code7lucky,,0,2,2,0,1,1,1,0,0
vegasuzex,vegasuzex,,0,2,2,0,1,1,1,0,0
myungiebyeol,myungiebyeol,,0,2,2,0,1,1,1,0,0
caitling1130x,caitling1130x,,0,3,3,0,1,1,1,0,47
aerusgirl,aerusgirl,,0,3,3,0,1,1,1,0,47
autoworldmag,autoworldmag,,0,1,1,0,1,1,1,0,63
kristineee7_,kristineee7_,,0,2,2,0,1,1,1,0,0
greg_kennedy10,greg_kennedy10,,0,4,4,0,1,1,1,0,8
adl,adl,,14,0,14,0.030018,0,0,0,0,8
jgreenblattadl,jgreenblattadl,,14,0,14,0.030018,0,0,0,0,8
the_weed_shop,the_weed_shop,,1,2,3,0.002748,1,1,1,0,45
depoasit,depoasit,,0,2,2,0,1,1,1,0,0
luckmalak,luckmalak,,0,1,1,0,1,1,1,0,47
bismillahwinn22,bismillahwinn22,,0,1,1,0,1,1,1,0,47
swertebigw1naeh,swertebigw1naeh,,0,2,2,0,1,1,1,0,0
lucky777blessed,lucky777blessed,,0,2,2,0,1,1,1,0,0
meooongbuuuncit,meooongbuuuncit,,0,2,2,0,1,1,1,0,0
ashutos03898892,ashutos03898892,,0,1,1,0,1,1,1,0,6
lehmrade_10,lehmrade_10,,0,1,1,0,1,1,1,0,46
cookie_oxwiin,cookie_oxwiin,,0,3,3,0,1,1,1,0,47
maxx2219,maxx2219,,0,2,2,0,1,1,1,0,0
dbentster,dbentster,,0,4,4,0,1,1,1,0,8
winemandanny,winemandanny,,0,4,4,0,1,1,1,0,8
gizmo_x1000,gizmo_x1000,,0,1,1,0,1,1,1,0,1
justlleta_,justlleta_,,0,3,3,0,1,1,1,0,47
nikeumomalena,nikeumomalena,,0,2,2,0,1,1,1,0,0
m_arul25,m_arul25,,0,3,3,0,1,1,1,0,47
erikhsabu,erikhsabu,,0,2,2,0,1,1,1,0,0
colmenrz,colmenrz,,0,2,2,0,1,1,1,0,0
0xnovw1n,0xnovw1n,,0,2,2,0,1,1,1,0,0
mazijackson3,mazijackson3,,0,1,1,0,1,1,1,0,77
barbyghinassi,barbyghinassi,,0,1,1,0,1,1,1,0,87
m49liberorso,m49liberorso,,7,0,7,0.006921,0,0,0,0,87
pamwallace,pamwallace,,0,1,1,0,1,1,1,0,1
kepickterus,kepickterus,,0,3,3,0,1,1,1,0,47
babybybu,babybybu,,0,2,2,0,1,1,1,0,0
tebastardes,tebastardes,,0,4,4,0,1,1,1,0,8
themightyredd,themightyredd,,0,1,1,0,1,1,1,0,1
makj_cityx,makj_cityx,,0,2,2,0,1,1,1,0,0
pankaj58828629,pankaj58828629,,0,1,1,0,1,1,1,0,1
ebus_codes,ebus_codes,,0,1,1,0,1,1,1,0,1
popuiistensohn,popuiistensohn,,0,1,1,0,1,1,1,0,88
clauduella_ella,clauduella_ella,,3,1,4,0.008243,0,0,0,0,88
exloree,exloree,,0,2,2,0,1,1,1,0,0
xoluckys,xoluckys,,0,2,2,0,1,1,1,0,0
mspandajones,mspandajones,,1,1,2,0.002748,0,0,0,0,89
cenentano,cenentano,,0,1,1,0,1,1,1,0,1
jaemychosso,jaemychosso,,0,2,2,0,1,1,1,0,0
phdteresa,phdteresa,,0,1,1,0,1,1,1,0,1
ab_notacat,ab_notacat,,0,4,4,0,1,1,1,0,8
raufaslam123,raufaslam123,,1,1,2,0.002748,0,0,0,0,90
perremans3,perremans3,,0,1,1,0,1,1,1,0,1
mskwin_x,mskwin_x,,0,2,2,0,1,1,1,0,0
cakecup0,cakecup0,,1,1,2,0.002748,0,0,0,0,91
muhammadaounra6,muhammadaounra6,,0,1,1,0,1,1,1,0,80
hotdogcityx,hotdogcityx,,0,2,2,0,1,1,1,0,0
bigwinbuna,bigwinbuna,,0,2,2,0,1,1,1,0,0
s8neth,s8neth,,0,2,2,0,1,1,1,0,0
cityx_winner,cityx_winner,,0,1,1,0,1,1,1,0,47
nakago_samurai,nakago_samurai,,0,3,3,0,1,1,1,0,92
sbf_ftx,sbf_ftx,,2,0,2,0.001977,0,0,0,0,92
wolfofcryptoblv,wolfofcryptoblv,,3,0,3,0.002966,0,0,0,0,92
davidsamson47,davidsamson47,,0,1,1,0,1,1,1,0,93
heatherdeland,heatherdeland,,1,0,1,0.000989,0,0,0,0,93
menantaa,menantaa,,0,3,3,0,1,1,1,0,47
bi9w1n1000dol4r,bi9w1n1000dol4r,,0,2,2,0,1,1,1,0,0
cryptoavii,cryptoavii,,0,2,2,0,1,1,1,0,0
voteranne,voteranne,,0,1,1,0,1,1,1,0,94
randallmccorquo,randallmccorquo,,1,0,1,0.000989,0,0,0,0,94
romuloide456,romuloide456,,0,1,1,0,1,1,1,0,73
brynlee_spears,brynlee_spears,,0,1,1,0,1,1,1,0,1
0xrenysh,0xrenysh,,0,2,2,0,1,1,1,0,0
pickseokji_,pickseokji_,,0,3,3,0,1,1,1,0,47
0x_al_magribi,0x_al_magribi,,0,3,3,0,1,1,1,0,47
0xseptceria,0xseptceria,,0,2,2,0,1,1,1,0,0
stardukst,stardukst,,0,2,2,0,1,1,1,0,0
yoursugarcityx,yoursugarcityx,,0,2,2,0,1,1,1,0,0
minsa_03,minsa_03,,0,2,2,0,1,1,1,0,0
seulgiear,seulgiear,,0,2,2,0,1,1,1,0,0
mleathem,mleathem,,1,1,2,0.002748,0,0,0,0,95
me2dxcknock,me2dxcknock,,0,2,2,0,1,1,1,0,0
sieeriego,sieeriego,,0,2,2,0,1,1,1,0,0
oxbigwinscy,oxbigwinscy,,0,2,2,0,1,1,1,0,0
bsentertainme13,bsentertainme13,,1,1,2,0.002748,0,0,0,0,96
soemillenium,soemillenium,,0,2,2,0,1,1,1,0,0
irrefutablematt,irrefutablematt,,0,1,1,0,1,1,1,0,1
ruvanw,ruvanw,,0,1,1,0,1,1,1,0,1
bernd471,bernd471,,0,1,1,0,1,1,1,0,46
meroy345957,meroy345957,,0,2,2,0,1,1,1,0,97
wahhabhassoo,wahhabhassoo,,1,0,1,0.000989,0,0,0,0,97
boyotint,boyotint,,0,2,2,0,1,1,1,0,0
nightsiren,nightsiren,,0,1,1,0,1,1,1,0,98
benchilton,benchilton,,1,0,1,0.000989,0,0,0,0,98
shafa_0909,shafa_0909,,0,2,2,0,1,1,1,0,0
1m_w000ndolar,1m_w000ndolar,,0,2,2,0,1,1,1,0,0
synk4ra,synk4ra,,0,3,3,0,1,1,1,0,47
bigwincityx2022,bigwincityx2022,,0,2,2,0,1,1,1,0,0
luvpickerwin,luvpickerwin,,0,3,3,0,1,1,1,0,47
arascityx,arascityx,,0,2,2,0,1,1,1,0,0
senie_rose,senie_rose,,0,2,2,0,1,1,1,0,0
oftenbigwin,oftenbigwin,,0,2,2,0,1,1,1,0,0
deepika11177,deepika11177,,1,3,4,0.002748,1,1,1,0,45
sanjay0864,sanjay0864,,0,1,1,0,1,1,1,0,1
xw2k4sgsdk51,xw2k4sgsdk51,,0,1,1,0,1,1,1,0,1
dynamitenews_,dynamitenews_,,1,1,2,0.002748,0,0,0,0,99
0zoyteveza,0zoyteveza,,0,2,2,0,1,1,1,0,0
santafegirl15,santafegirl15,,0,1,1,0,1,1,1,0,1
jnckwinlahhh,jnckwinlahhh,,0,2,2,0,1,1,1,0,0
emdees11,emdees11,,0,1,1,0,1,1,1,0,1
bigwinsup,bigwinsup,,0,2,2,0,1,1,1,0,0
damniwon,damniwon,,0,2,2,0,1,1,1,0,0
zeexcv,zeexcv,,0,2,2,0,1,1,1,0,0
salerno_vince,salerno_vince,,0,1,1,0,1,1,1,0,100
photobugliano,photobugliano,,2,0,2,0.001977,0,0,0,0,100
smith_agatha0,smith_agatha0,,0,1,1,0,1,1,1,0,101
nytimestech,nytimestech,,1,0,1,0.000989,0,0,0,0,101
mustxco2470,mustxco2470,,0,2,2,0,1,1,1,0,0
0xybaccarat,0xybaccarat,,0,2,2,0,1,1,1,0,0
backintokyo,backintokyo,,0,1,1,0,1,1,1,0,1
0xygeun,0xygeun,,0,3,3,0,1,1,1,0,47
selamat__,selamat__,,0,2,2,0,1,1,1,0,0
ichowk_,ichowk_,,1,1,2,0.002748,0,0,0,0,102
nanding1,nanding1,,0,1,1,0,1,1,1,0,35
0xp1scesbigwin,0xp1scesbigwin,,0,1,1,0,1,1,1,0,47
agonyofsameer,agonyofsameer,,0,2,2,0,1,1,1,0,49
xiomarahensley3,xiomarahensley3,,0,1,1,0,1,1,1,0,47
chirywan,chirywan,,1,1,2,0.002748,0,0,0,0,103
paulmot17151968,paulmot17151968,,0,1,1,0,1,1,1,0,1
zungkirbalix,zungkirbalix,,0,2,2,0,1,1,1,0,0
vgurl_main,vgurl_main,,0,2,2,0,1,1,1,0,0
strawbearymoon,strawbearymoon,,0,2,2,0,1,1,1,0,0
suka_congrats,suka_congrats,,0,3,3,0,1,1,1,0,47
kshitijgaikar,kshitijgaikar,,1,1,2,0.002748,0,0,0,0,104
0xinginbigwin,0xinginbigwin,,0,3,3,0,1,1,1,0,47
bigwinniewin,bigwinniewin,,0,3,3,0,1,1,1,0,47
miraclez4444,miraclez4444,,0,2,2,0,1,1,1,0,0
meongwn,meongwn,,0,2,2,0,1,1,1,0,0
introfacts,introfacts,,0,2,2,0,1,1,1,0,0
derleugner,derleugner,,0,1,1,0,1,1,1,0,46
ctroble,ctroble,,0,3,3,0,1,1,1,0,47
esbenevolence,esbenevolence,,1,1,2,0.002748,0,0,0,0,105
lovekaihavertz,lovekaihavertz,,0,1,1,0,1,1,1,0,47
drisanaekavira_,drisanaekavira_,,0,2,2,0,1,1,1,0,0
rahulsi17319634,rahulsi17319634,,0,1,1,0,1,1,1,0,1
robertchurchy10,robertchurchy10,,0,1,1,0,2,0.571429,0.625,0,8
anakpickaw,anakpickaw,,0,3,3,0,1,1,1,0,47
murwins22_,murwins22_,,0,2,2,0,1,1,1,0,0
rht190,rht190,,1,1,2,0.002748,0,0,0,0,106
theykallmeeli,theykallmeeli,,0,1,1,0,1,1,1,0,107
vkreators,vkreators,,2,0,2,0.001977,0,0,0,0,107
anna_nahnu,anna_nahnu,,0,1,1,0,1,1,1,0,108
amsysiyo_6,amsysiyo_6,,1,0,1,0.000989,0,0,0,0,108
vybmedia1,vybmedia1,,0,1,1,0,1,1,1,0,107
edwardo45122286,edwardo45122286,,0,1,1,0,1,1,1,0,1
jin1shi_,jin1shi_,,0,2,2,0,1,1,1,0,0
ericosuna,ericosuna,,0,1,1,0,1,1,1,0,1
piiit,piiit,,0,1,1,0,1,1,1,0,1
dheerj1000,dheerj1000,,0,1,1,0,1,1,1,0,0
boaromayo,boaromayo,,0,1,1,0,1,1,1,0,109
solarusgames,solarusgames,,2,0,2,0.001977,0,0,0,0,109
zakariszghent,zakariszghent,,0,1,1,0,1,1,1,0,109
rr_j28,rr_j28,,0,1,1,0,1,1,1,0,53
31sandiwaraz,31sandiwaraz,,0,2,2,0,1,1,1,0,0
0xnovmbrwnnn,0xnovmbrwnnn,,0,1,1,0,1,1,1,0,47
thekarmidance,thekarmidance,,1,1,2,0.002748,0,0,0,0,110
s3nnacherib,s3nnacherib,,0,1,1,0,1,1,1,0,111
samiullah66,samiullah66,,1,0,1,0.000989,0,0,0,0,111
fullowins,fullowins,,0,2,2,0,1,1,1,0,0
gar_nez,gar_nez,,0,1,1,0,1,1,1,0,4
karyawan_twiter,karyawan_twiter,,0,2,2,0,1,1,1,0,0
0xnhawin,0xnhawin,,0,2,2,0,1,1,1,0,0
ox_halamemoyaah,ox_halamemoyaah,,0,2,2,0,1,1,1,0,0
krystleroseking,krystleroseking,,0,1,1,0,1,1,1,0,1
bigwins2023,bigwins2023,,1,4,5,0.002748,1,1,1,0,47
gitavanesa99,gitavanesa99,,0,2,2,0,1,1,1,0,0
ketopope,ketopope,,0,1,1,0,1,1,1,0,1
stanip7,stanip7,,0,2,2,0,1,1,1,0,0
shohokuxhunterx,shohokuxhunterx,,0,2,2,0,1,1,1,0,0
kath26g,kath26g,,0,2,2,0,1,1,1,0,0
bubblegumbabe23,bubblegumbabe23,,1,1,2,0.002748,0,0,0,0,112
odifleur,odifleur,,0,3,3,0,1,1,1,0,47
haymeeeeeeexo,haymeeeeeeexo,,0,3,3,0,1,1,1,0,47
dimenangkan,dimenangkan,,0,3,3,0,1,1,1,0,47
andra6191,andra6191,,0,3,3,0,1,1,1,0,47
jmutinda_snr,jmutinda_snr,,1,1,2,0.002748,0,0,0,0,113
pengenbgtbigwin,pengenbgtbigwin,,0,2,2,0,1,1,1,0,0
explorelife,explorelife,,0,1,1,0,1,1,1,0,4
syedhus49894722,syedhus49894722,,0,3,3,0,1,1,1,0,47
laiklik1881,laiklik1881,,0,1,1,0,1,1,1,0,0
widyasonexyz,widyasonexyz,,0,3,3,0,1,1,1,0,47
nad3ng,nad3ng,,0,2,2,0,1,1,1,0,0
krsmynt12,krsmynt12,,0,3,3,0,1,1,1,0,47
melofies,melofies,,0,2,2,0,1,1,1,0,0
murali_r30,murali_r30,,0,1,1,0,1,1,1,0,0
shivam00724949,shivam00724949,,1,1,2,0.002748,0,0,0,0,114
hopewin1234_,hopewin1234_,,0,3,3,0,1,1,1,0,0
opheliaella5,opheliaella5,,0,1,1,0,1,1,1,0,115
sallydipple,sallydipple,,1,0,1,0.000989,0,0,0,0,115
pjwcookies,pjwcookies,,0,3,3,0,1,1,1,0,47
tysm005,tysm005,,0,2,2,0,1,1,1,0,0
oxjihanicornn,oxjihanicornn,,0,3,3,0,1,1,1,0,0
constellarrie,constellarrie,,0,2,2,0,1,1,1,0,0
cobabigw1n_,cobabigw1n_,,0,2,2,0,1,1,1,0,0
porkybunss,porkybunss,,1,1,2,0.002748,0,0,0,0,116
bigwin28jutaaa,bigwin28jutaaa,,0,1,1,0,1,1,1,0,47
brischleu,brischleu,,0,1,1,0,1,1,1,0,46
nayyyhae,nayyyhae,,0,3,3,0,1,1,1,0,47
joshmcvoy,joshmcvoy,,0,1,1,0,1,1,1,0,0
ca_rajeevgupta,ca_rajeevgupta,,0,1,1,0,1,1,1,0,117
rajeevguptaca,rajeevguptaca,,21,1,22,0.0577,0,0,0,0,117
srishgupt,srishgupt,,0,1,1,0,1,1,1,0,117
atheistspinster,atheistspinster,,0,1,1,0,1,1,1,0,1
srizangupta,srizangupta,,0,1,1,0,1,1,1,0,117
kirkat9,kirkat9,,1,1,2,0.002748,0,0,0,0,118
gupta_manisha1,gupta_manisha1,,0,1,1,0,1,1,1,0,117
beagoodhuman100,beagoodhuman100,,0,2,2,0,1,1,1,0,0
aa_hoki31,aa_hoki31,,0,3,3,0,1,1,1,0,47
neonicklus,neonicklus,,0,1,1,0,1,1,1,0,46
rogersumatra__,rogersumatra__,,0,2,2,0,1,1,1,0,0
srizan_gupta,srizan_gupta,,0,1,1,0,1,1,1,0,117
bayudwisiittt,bayudwisiittt,,0,1,1,0,1,1,1,0,47
deraffa01,deraffa01,,0,3,3,0,1,1,1,0,0
rodrigueossi,rodrigueossi,,1,1,2,0.002748,0,0,0,0,119
chuddles11,chuddles11,,0,43,43,0,2,0.957447,0.977778,0,120
palasakoon,palasakoon,,1,0,1,0.000989,0,0,0,0,120
dhwrmaa1_,dhwrmaa1_,,1,0,1,0.000989,0,0,0,0,120
wqiansam,wqiansam,,1,0,1,0.000989,0,0,0,0,120
matildavibez,matildavibez,,1,2,3,0.000989,1,1,1,0,120
h4ikal_hail,h4ikal_hail,,1,0,1,0.000989,0,0,0,0,120
0xixze,0xixze,,1,0,1,0.000989,0,0,0,0,120
rarawinyuk,rarawinyuk,,1,0,1,0.000989,0,0,0,0,120
nancyslasher,nancyslasher,,1,0,1,0.000989,0,0,0,0,120
nakilaang,nakilaang,,1,2,3,0.000989,1,1,1,0,120
terdebest1,terdebest1,,1,0,1,0.000989,0,0,0,0,120
omg_mae2,omg_mae2,,1,0,1,0.000989,0,0,0,0,120
youroch1i,youroch1i,,1,3,4,0.000989,1,1,1,0.5,120
maelovesjk01,maelovesjk01,,1,0,1,0.000989,0,0,0,0,120
maximilliarwx_,maximilliarwx_,,1,0,1,0.000989,0,0,0,0,120
xxbigwins,xxbigwins,,1,0,1,0.000989,0,0,0,0,120
0xj3poywins,0xj3poywins,,1,0,1,0.000989,0,0,0,0,120
haexyvll,haexyvll,,1,0,1,0.000989,0,0,0,0,120
luckyywiin,luckyywiin,,1,0,1,0.000989,0,0,0,0,120
hundting_f1xwin,hundting_f1xwin,,1,0,1,0.000989,0,0,0,0,120
bigwin1kdlr,bigwin1kdlr,,1,0,1,0.000989,0,0,0,0,120
aline_pickawin,aline_pickawin,,1,0,1,0.000989,0,0,0,0,120
cryptoniing,cryptoniing,,1,0,1,0.000989,0,0,0,0,120
di_doainmama,di_doainmama,,1,0,1,0.000989,0,0,0,0,120
xxreinee,xxreinee,,1,0,1,0.000989,0,0,0,0,120
ogsabv,ogsabv,,1,0,1,0.000989,0,0,0,0,120
kapan_congrat,kapan_congrat,,1,0,1,0.000989,0,0,0,0,120
akunangisb,akunangisb,,1,0,1,0.000989,0,0,0,0,120
estebanjose27,estebanjose27,,1,0,1,0.000989,0,0,0,0,120
__nineely16,__nineely16,,1,2,3,0.000989,1,1,1,0,120
123ci456,123ci456,,1,0,1,0.000989,0,0,0,0,120
riamindia17,riamindia17,,1,0,1,0.000989,0,0,0,0,120
lpploa2ndacc,lpploa2ndacc,,1,2,3,0.000989,1,1,1,0,120
hanya_dewrif,hanya_dewrif,,1,2,3,0.000989,1,1,1,0,120
koyagemoy,koyagemoy,,1,2,3,0.000989,1,1,1,0,120
0xrizqiwins,0xrizqiwins,,1,2,3,0.000989,1,1,1,0,120
iqbaaal_01,iqbaaal_01,,1,3,4,0.000989,1,1,1,0.5,120
itsmewin__,itsmewin__,,1,0,1,0.000989,0,0,0,0,120
bebekmenang,bebekmenang,,1,0,1,0.000989,0,0,0,0,120
behamerahjambu,behamerahjambu,,1,2,3,0.000989,1,1,1,0,120
maryltrump,maryltrump,,3,0,3,0.004988,0,0,0,0,120
soundskugle,soundskugle,,2,3,5,0.001977,1,1,1,3,120
nt_polylogue,nt_polylogue,,0,1,1,0,1,1,1,0,1
taeyoungism,taeyoungism,,0,2,2,0,1,1,1,0,0
iamystifiedlf,iamystifiedlf,,0,1,1,0,1,1,1,0,1
nelalee,nelalee,,0,1,1,0,1,1,1,0,1
starrywins,starrywins,,0,2,2,0,1,1,1,0,0
dyolcetones,dyolcetones,,0,2,2,0,1,1,1,0,0
kgloveslinux,kgloveslinux,,1,1,2,0.002748,0,0,0,0,121
bigwynwins,bigwynwins,,0,1,1,0,1,1,1,0,47
daemwon,daemwon,,0,2,2,0,1,1,1,0,0
yenihuntergila,yenihuntergila,,0,1,1,0,1,1,1,0,47
highoncosmos,highoncosmos,,0,1,1,0,1,1,1,0,117
norspark_,norspark_,,0,2,2,0,1,1,1,0,0
0x20b,0x20b,,0,2,2,0,1,1,1,0,0
yafattahurozaqu,yafattahurozaqu,,0,2,2,0,1,1,1,0,0
novbbigwin,novbbigwin,,0,2,2,0,1,1,1,0,0
0x_twmimosa,0x_twmimosa,,0,3,3,0,1,1,1,0,0
novemberainwinz,novemberainwinz,,0,3,3,0,1,1,1,0,47
ninivncnzo,ninivncnzo,,0,2,2,0,1,1,1,0,0
r37nr41n,r37nr41n,,0,2,2,0,1,1,1,0,0
architasaini53,architasaini53,,0,2,2,0,1,1,1,0,0
aanchalyaadav,aanchalyaadav,,0,1,1,0,1,1,1,0,117
jakiagilbert,jakiagilbert,,0,1,1,0,1,1,1,0,122
stevebram,stevebram,,1,0,1,0.000989,0,0,0,0,122
miracle_winn,miracle_winn,,0,2,2,0,1,1,1,0,0
kandaswamy4,kandaswamy4,,0,1,1,0,1,1,1,0,123
abhisheksachib,abhisheksachib,,2,0,2,0.001977,0,0,0,0,123
rozyneetu,rozyneetu,,0,1,1,0,1,1,1,0,117
cardamompie,cardamompie,,0,1,1,0,1,1,1,0,1
ellieeeway,ellieeeway,,1,1,2,0.002748,0,0,0,0,124
ishnicolas25,ishnicolas25,,0,2,2,0,1,1,1,0,0
__cie_cie__,__cie_cie__,,0,2,2,0,1,1,1,0,0
pholden55021496,pholden55021496,,0,1,1,0,1,1,1,0,85
viktorguate,viktorguate,,0,1,1,0,1,1,1,0,125
earthkeeper22,earthkeeper22,,1,0,1,0.000989,0,0,0,0,125
nirbhay30999864,nirbhay30999864,,0,1,1,0,1,1,1,0,6
kazu_se,kazu_se,,0,1,1,0,1,1,1,0,1
jsmooldaboss,jsmooldaboss,,1,1,2,0.002748,0,0,0,0,126
brehm_andreas,brehm_andreas,,0,1,1,0,1,1,1,0,127
unblogd,unblogd,,1,0,1,0.000989,0,0,0,0,127
winvuz,winvuz,,0,2,2,0,1,1,1,0,0
hawkey221,hawkey221,,0,3,3,0,1,1,1,0,47
k4kang_prabu,k4kang_prabu,,0,3,3,0,1,1,1,0,47
aruanwinner,aruanwinner,,0,2,2,0,1,1,1,0,0
cielzeus,cielzeus,,0,2,2,0,1,1,1,0,0
ant5410,ant5410,,0,1,1,0,1,1,1,0,87
stewbieschanel,stewbieschanel,,0,1,1,0,1,1,1,0,128
claud_bored,claud_bored,,1,0,1,0.000989,0,0,0,0,128
catcherofclouds,catcherofclouds,,0,3,3,0,1,1,1,0,47
feedingfrenzeh,feedingfrenzeh,,0,1,1,0,1,1,1,0,1
therealfludi,therealfludi,,0,1,1,0,1,1,1,0,1
aklemm18069,aklemm18069,,0,1,1,0,1,1,1,0,1
maubigwin777,maubigwin777,,0,3,3,0,1,1,1,0,0
nilsgerster,nilsgerster,,0,1,1,0,1,1,1,0,129
axel_mylius,axel_mylius,,5,1,6,0.013738,0,0,0,0,129
taehyungcuu,taehyungcuu,,0,2,2,0,1,1,1,0,0
httpsammywins,httpsammywins,,0,2,2,0,1,1,1,0,0
the_nazgul,the_nazgul,,0,1,1,0,1,1,1,0,129
bestijihanicorn,bestijihanicorn,,0,2,2,0,1,1,1,0,0
yescya,yescya,,0,2,2,0,1,1,1,0,0
greytajir,greytajir,,0,3,3,0,1,1,1,0,47
triromie,triromie,,0,2,2,0,1,1,1,0,0
kizziewinz,kizziewinz,,0,3,3,0,1,1,1,0,47
snowbigwins,snowbigwins,,0,2,2,0,1,1,1,0,0
pinkybigwins,pinkybigwins,,0,2,2,0,1,1,1,0,0
luckyteum3,luckyteum3,,0,2,2,0,1,1,1,0,0
w1ncuti3,w1ncuti3,,0,2,2,0,1,1,1,0,0
miiloves241,miiloves241,,0,2,2,0,1,1,1,0,0
taehyungbestt,taehyungbestt,,0,3,3,0,1,1,1,0,47
0xlangak0,0xlangak0,,0,3,3,0,1,1,1,0,47
rita594831,rita594831,,0,1,1,0,1,1,1,0,4
wankkun310,wankkun310,,0,1,1,0,1,1,1,0,1
harmonyhowse,harmonyhowse,,1,2,3,0.002748,1,1,1,0,47
tamer81025959,tamer81025959,,0,3,3,0,1,1,1,0,0
pickaw_chuw,pickaw_chuw,,0,2,2,0,1,1,1,0,0
luckylucklay,luckylucklay,,0,2,2,0,1,1,1,0,0
kun9o,kun9o,,0,3,3,0,1,1,1,0,47
exiodenxxy,exiodenxxy,,0,3,3,0,1,1,1,0,0
wins4huejayin,wins4huejayin,,0,3,3,0,1,1,1,0,0
riinz_aja,riinz_aja,,0,2,2,0,1,1,1,0,0
tembaxwin11,tembaxwin11,,0,2,2,0,1,1,1,0,0
simplefleur69,simplefleur69,,0,2,2,0,1,1,1,0,0
dcaferoa,dcaferoa,,0,2,2,0,1,1,1,0,0
roberta35000,roberta35000,,0,1,1,0,1,1,1,0,87
cutefreulein,cutefreulein,,0,1,1,0,1,1,1,0,47
aslanlar08,aslanlar08,,0,2,2,0,1,1,1,0,0
0xsarangwin,0xsarangwin,,0,2,2,0,1,1,1,0,0
w1ncityxriego,w1ncityxriego,,0,2,2,0,1,1,1,0,0
arkhashahokky,arkhashahokky,,0,2,2,0,1,1,1,0,0
0xn0v3mb3r,0xn0v3mb3r,,0,2,2,0,1,1,1,0,0
poppskel,poppskel,,0,1,1,0,1,1,1,0,46
ericecummings1,ericecummings1,,0,3,3,0,1,1,1,0,130
ivankatrump,ivankatrump,,1,0,1,0.000989,0,0,0,0,130
donaldjtrumpjr,donaldjtrumpjr,,1,0,1,0.000989,0,0,0,0,130
brownispelangi,brownispelangi,,0,2,2,0,1,1,1,0,0
henrybressey1,henrybressey1,,0,3,3,0,1,1,1,0,47
n3wn1ex03,n3wn1ex03,,0,3,3,0,1,1,1,0,47
tanju21,tanju21,,0,2,2,0,1,1,1,0,0
ox_bigwin74,ox_bigwin74,,0,2,2,0,1,1,1,0,0
urmissufe,urmissufe,,0,2,2,0,1,1,1,0,0
0x7chill_,0x7chill_,,0,2,2,0,1,1,1,0,0
ndara88,ndara88,,0,2,2,0,1,1,1,0,0
narariraa,narariraa,,0,2,2,0,1,1,1,0,0
mayrah_chan,mayrah_chan,,0,2,2,0,1,1,1,0,0
wtfjitendr__,wtfjitendr__,,0,1,1,0,1,1,1,0,19
lucky1c1tyx_,lucky1c1tyx_,,0,2,2,0,1,1,1,0,0
oxronaldowati14,oxronaldowati14,,0,2,2,0,1,1,1,0,0
vinst_b19w1n,vinst_b19w1n,,0,3,3,0,1,1,1,0,47
siinduutt,siinduutt,,0,2,2,0,1,1,1,0,0
ronz3210,ronz3210,,0,3,3,0,1,1,1,0,47
wiins_14,wiins_14,,0,3,3,0,1,1,1,0,47
chuurinji,chuurinji,,0,2,2,0,1,1,1,0,0
coffemintcyx_,coffemintcyx_,,0,1,1,0,1,1,1,0,47
novwinber,novwinber,,0,2,2,0,1,1,1,0,0
november27win,november27win,,0,2,2,0,1,1,1,0,0
yang_jungsheep7,yang_jungsheep7,,0,2,2,0,1,1,1,0,0
itsaraygavtid,itsaraygavtid,,0,3,3,0,1,1,1,0,47
nitawhite1,nitawhite1,,0,1,1,0,1,1,1,0,1
bhakt30710942,bhakt30710942,,0,1,1,0,1,1,1,0,117
jihaniaselole,jihaniaselole,,0,2,2,0,1,1,1,0,0
daluckieone,daluckieone,,0,2,2,0,1,1,1,0,0
alt_coiners,alt_coiners,,1,1,2,0.002748,0,0,0,0,131
crypto_naina07,crypto_naina07,,0,2,2,0,1,1,1,0,0
meyybigwin,meyybigwin,,0,2,2,0,1,1,1,0,0
balmond0495,balmond0495,,0,2,2,0,1,1,1,0,0
penyuka3j_,penyuka3j_,,0,2,2,0,1,1,1,0,0
keepfighting99x,keepfighting99x,,0,3,3,0,1,1,1,0,47
ox_bigwinz2_oct,ox_bigwinz2_oct,,0,2,2,0,1,1,1,0,0
istriygsetia,istriygsetia,,0,2,2,0,1,1,1,0,0
rainyalisa,rainyalisa,,0,2,2,0,1,1,1,0,0
kinantiananda1,kinantiananda1,,0,3,3,0,1,1,1,0,47
catlondon11,catlondon11,,0,3,3,0,1,1,1,0,47
taypinkslayer,taypinkslayer,,0,2,2,0,1,1,1,0,0
wolkenfett,wolkenfett,,0,1,1,0,1,1,1,0,46
allansiarie,allansiarie,,0,1,1,0,1,1,1,0,47
milomekdii,milomekdii,,0,3,3,0,1,1,1,0,47
firstbigwin22,firstbigwin22,,0,3,3,0,1,1,1,0,47
skyrendra29,skyrendra29,,0,1,1,0,1,1,1,0,47
markieluckyy,markieluckyy,,0,2,2,0,1,1,1,0,0
0x_win0,0x_win0,,0,3,3,0,1,1,1,0,0
vennkyaexyz,vennkyaexyz,,0,3,3,0,1,1,1,0,0
chaiseebigwin,chaiseebigwin,,0,2,2,0,1,1,1,0,0
dynamight2424,dynamight2424,,0,2,2,0,1,1,1,0,0
ekobuntoro931,ekobuntoro931,,0,2,2,0,1,1,1,0,0
tyo_wijaya__,tyo_wijaya__,,0,2,2,0,1,1,1,0,0
leebitwin,leebitwin,,0,2,2,0,1,1,1,0,0
joegabardino,joegabardino,,0,1,1,0,1,1,1,0,1
jammymyg_,jammymyg_,,0,2,2,0,1,1,1,0,0
hello_samudera,hello_samudera,,0,2,2,0,1,1,1,0,0
gatrixwin,gatrixwin,,0,3,3,0,1,1,1,0,47
araacorn,araacorn,,0,3,3,0,1,1,1,0,47
lil0xen9,lil0xen9,,0,3,3,0,1,1,1,0,47
0xviabigwinctyx,0xviabigwinctyx,,0,2,2,0,1,1,1,0,0
ibrjune,ibrjune,,0,2,2,0,1,1,1,0,0
scorpius_arzel,scorpius_arzel,,0,1,1,0,1,1,1,0,1
riegome02,riegome02,,0,2,2,0,1,1,1,0,0
fluryyuw,fluryyuw,,0,2,2,0,1,1,1,0,0
kiba_15shi3ro,kiba_15shi3ro,,0,1,1,0,1,1,1,0,129
bharatvarsh_123,bharatvarsh_123,,0,1,1,0,1,1,1,0,117
ev1nco,ev1nco,,0,2,2,0,1,1,1,0,0
aquazencityx,aquazencityx,,0,2,2,0,1,1,1,0,0
ttpx4ladzes,ttpx4ladzes,,0,3,3,0,1,1,1,0,47
0xreowon,0xreowon,,0,2,2,0,1,1,1,0,0
l061k4,l061k4,,0,2,2,0,1,1,1,0,0
mas_asyraf29,mas_asyraf29,,0,2,2,0,1,1,1,0,0
tomtimes5,tomtimes5,,0,1,1,0,1,1,1,0,1
bigwindoo,bigwindoo,,0,2,2,0,1,1,1,0,0
weishinecityx,weishinecityx,,0,2,2,0,1,1,1,0,0
ox_toniiwon,ox_toniiwon,,0,2,2,0,1,1,1,0,0
tushara34445800,tushara34445800,,0,1,1,0,1,1,1,0,117
engr_zuhad,engr_zuhad,,0,1,1,0,1,1,1,0,80
dslw1n_,dslw1n_,,0,2,2,0,1,1,1,0,0
aryaangga1709,aryaangga1709,,0,2,2,0,1,1,1,0,0
binluckywinner2,binluckywinner2,,0,2,2,0,1,1,1,0,0
makeawish127,makeawish127,,0,3,3,0,1,1,1,0,47
nov_emakmenang,nov_emakmenang,,0,3,3,0,1,1,1,0,47
sakuraiatte,sakuraiatte,,0,2,2,0,1,1,1,0,0
kimbebe07,kimbebe07,,0,2,2,0,1,1,1,0,0
bigwinyuck,bigwinyuck,,0,2,2,0,1,1,1,0,0
0786butters,0786butters,,0,2,2,0,1,1,1,0,0
pckwmrwns,pckwmrwns,,0,2,2,0,1,1,1,0,0
0xmissuwin,0xmissuwin,,0,2,2,0,1,1,1,0,0
following_yoo,following_yoo,,0,2,2,0,1,1,1,0,0
0xz4r1m4,0xz4r1m4,,0,2,2,0,1,1,1,0,0
kejutawn,kejutawn,,0,2,2,0,1,1,1,0,0
acelalisaaa,acelalisaaa,,0,2,2,0,1,1,1,0,0
reddygaru89_1,reddygaru89_1,,0,1,1,0,1,1,1,0,53
kotorantelinga,kotorantelinga,,0,2,2,0,1,1,1,0,0
roseshades_,roseshades_,,0,1,1,0,1,1,1,0,47
jejejoanj,jejejoanj,,0,2,2,0,1,1,1,0,0
nagasa_samurai,nagasa_samurai,,0,3,3,0,1,1,1,0,92
moonettizee,moonettizee,,0,2,2,0,1,1,1,0,0
aingbig_win,aingbig_win,,0,3,3,0,1,1,1,0,47
kebaya_merah90,kebaya_merah90,,0,2,2,0,1,1,1,0,0
monkeydluffy_24,monkeydluffy_24,,0,2,2,0,1,1,1,0,0
tanchotainment,tanchotainment,,0,2,2,0,1,1,1,0,0
mybigwinto,mybigwinto,,0,2,2,0,1,1,1,0,0
0xtoberxen0,0xtoberxen0,,0,2,2,0,1,1,1,0,0
wonyoungbigwin,wonyoungbigwin,,0,2,2,0,1,1,1,0,0
madbutscher,madbutscher,,0,1,1,0,1,1,1,0,129
aqunkaratanxxx,aqunkaratanxxx,,0,2,2,0,1,1,1,0,0
winmeoxxy_19,winmeoxxy_19,,0,2,2,0,1,1,1,0,0
ksjwootteoo,ksjwootteoo,,0,3,3,0,1,1,1,0,47
firstbigwin,firstbigwin,,0,2,2,0,1,1,1,0,0
tdyvincitax,tdyvincitax,,0,2,2,0,1,1,1,0,0
ariemukti19,ariemukti19,,0,2,2,0,1,1,1,0,0
septemberw4ng1,septemberw4ng1,,0,2,2,0,1,1,1,0,0
az1l21,az1l21,,0,2,2,0,1,1,1,0,0
syzygynight,syzygynight,,0,3,3,0,1,1,1,0,47
tfr2101,tfr2101,,0,2,2,0,1,1,1,0,0
bigwingfry,bigwingfry,,0,2,2,0,1,1,1,0,0
bigwinuserrr,bigwinuserrr,,0,2,2,0,1,1,1,0,0
atuwaaigaaa,atuwaaigaaa,,0,3,3,0,1,1,1,0,47
rpfbigwin11,rpfbigwin11,,1,4,5,0.002748,1,1,1,0,47
0xw1nn,0xw1nn,,0,2,2,0,1,1,1,0,0
daffamenangdong,daffamenangdong,,0,2,2,0,1,1,1,0,0
pieces__21,pieces__21,,0,2,2,0,1,1,1,0,0
cherljelly,cherljelly,,0,3,3,0,1,1,1,0,47
yumewins,yumewins,,0,3,3,0,1,1,1,0,47
itskheiren1014,itskheiren1014,,0,1,1,0,1,1,1,0,47
nurateno,nurateno,,0,2,2,0,1,1,1,0,0
panaloarawgabi,panaloarawgabi,,0,2,2,0,1,1,1,0,0
1stof3graces,1stof3graces,,0,1,1,0,1,1,1,0,1
bigwinnerxuxi,bigwinnerxuxi,,0,2,2,0,1,1,1,0,0
aldipbigwin,aldipbigwin,,0,2,2,0,1,1,1,0,0
terry54599631,terry54599631,,0,1,1,0,1,1,1,0,87
0ct12bdaywins,0ct12bdaywins,,0,3,3,0,1,1,1,0,47
rosas_nase777,rosas_nase777,,0,2,2,0,1,1,1,0,0
burghi1,burghi1,,1,1,2,0.002748,0,0,0,0,132
nicholas408s,nicholas408s,,0,2,2,0,1,1,1,0,0
absmith100000,absmith100000,,0,1,1,0,1,1,1,0,133
angel_leigh,angel_leigh,,1,0,1,0.000989,0,0,0,0,133
wildreamz,wildreamz,,1,1,2,0.002748,0,0,0,0,134
spicy84624683,spicy84624683,,1,1,2,0.002748,0,0,0,0,135
kharisyam,kharisyam,,0,2,2,0,1,1,1,0,0
winbigyan_,winbigyan_,,0,2,2,0,1,1,1,0,0
cucunyamasto_,cucunyamasto_,,1,1,2,0.002748,0,0,0,0,136
mytpanther,mytpanther,,1,1,2,0.002748,0,0,0,0,137
sugar95sugar,sugar95sugar,,0,2,2,0,1,1,1,0,0
pickawlovey,pickawlovey,,0,2,2,0,1,1,1,0,0
faseke9563,faseke9563,,0,2,2,0,1,1,1,0,0
keke40839319,keke40839319,,0,1,1,0,1,1,1,0,47
doyoungnctt77,doyoungnctt77,,0,2,2,0,1,1,1,0,0
banhbao183,banhbao183,,0,2,2,0,1,1,1,0,0
lx_kung_lao_xl,lx_kung_lao_xl,,0,2,2,0,1,1,1,0,0
andrikhid88,andrikhid88,,0,2,2,0,1,1,1,0,0
simplegrll,simplegrll,,0,2,2,0,1,1,1,0,0
mayswerte3,mayswerte3,,0,2,2,0,1,1,1,0,0
perkasa_wangi,perkasa_wangi,,0,3,3,0,1,1,1,0,47
eloraarmaan,eloraarmaan,,0,3,3,0,1,1,1,0,47
tipsyshivy,tipsyshivy,,0,2,2,0,1,1,1,0,0
zihanicorn,zihanicorn,,0,2,2,0,1,1,1,0,0
norencityx1,norencityx1,,0,2,2,0,1,1,1,0,0
samboladotelur,samboladotelur,,0,2,2,0,1,1,1,0,0
sugabsugali_,sugabsugali_,,0,2,2,0,1,1,1,0,0
luckycuuan,luckycuuan,,0,2,2,0,1,1,1,0,0
mrdhblessed,mrdhblessed,,0,2,2,0,1,1,1,0,0
themonkgoingbad,themonkgoingbad,,0,1,1,0,1,1,1,0,1
520rajendhar,520rajendhar,,0,1,1,0,1,1,1,0,117
bintangnisabara,bintangnisabara,,0,2,2,0,1,1,1,0,0
aneldritchgoo,aneldritchgoo,,1,1,2,0.002748,0,0,0,0,138
moonstone1812,moonstone1812,,1,1,2,0.002748,0,0,0,0,139
dinnacs,dinnacs,,0,2,2,0,1,1,1,0,0
stephanie369826,stephanie369826,,0,1,1,0,1,1,1,0,29
win1000__,win1000__,,0,3,3,0,1,1,1,0,47
dwifortuna34,dwifortuna34,,0,2,2,0,1,1,1,0,0
2006shalina,2006shalina,,0,1,1,0,1,1,1,0,46
charlenemadria3,charlenemadria3,,0,2,2,0,1,1,1,0,0
slaunaz,slaunaz,,0,2,2,0,1,1,1,0,0
suhoolee_,suhoolee_,,0,2,2,0,1,1,1,0,0
asodeniss,asodeniss,,0,1,1,0,1,1,1,0,47
susanna127853,susanna127853,,0,1,1,0,1,1,1,0,1
ayoxwinnn,ayoxwinnn,,0,2,2,0,1,1,1,0,0
wangiiiduwitx,wangiiiduwitx,,0,2,2,0,1,1,1,0,0
tantanthirthy1,tantanthirthy1,,0,2,2,0,1,1,1,0,0
bkramjsbarman,bkramjsbarman,,0,1,1,0,1,1,1,0,117
0xnov_bigwin11,0xnov_bigwin11,,0,2,2,0,1,1,1,0,0
doyan_pig_bakso,doyan_pig_bakso,,0,1,1,0,1,1,1,0,47
vijaytiwariji,vijaytiwariji,,0,1,1,0,1,1,1,0,117
gorika00,gorika00,,0,2,2,0,1,1,1,0,0
minisiijiwi,minisiijiwi,,0,2,2,0,1,1,1,0,0
rivethym,rivethym,,0,2,2,0,1,1,1,0,0
sagarkapo0r,sagarkapo0r,,0,3,3,0,1,1,1,0,47
joiningaccount,joiningaccount,,0,2,2,0,1,1,1,0,0
gruntat,gruntat,,0,4,4,0,1,1,1,0,8
sarathy__g,sarathy__g,,0,1,1,0,1,1,1,0,1
johnbeckley,johnbeckley,,0,1,1,0,1,1,1,0,0
cyberweasel89,cyberweasel89,,0,1,1,0,1,1,1,0,2
0xh1yyih,0xh1yyih,,0,2,2,0,1,1,1,0,0
aziazone,aziazone,,0,4,4,0,1,1,1,0,8
soyajisoowin,soyajisoowin,,0,2,2,0,1,1,1,0,0
yisheran,yisheran,,0,3,3,0,1,1,1,0,47
yoruwin,yoruwin,,0,2,2,0,1,1,1,0,0
0xberwinterus,0xberwinterus,,0,3,3,0,1,1,1,0,47
massy30179625,massy30179625,,0,1,1,0,1,1,1,0,1
s1palingsabar,s1palingsabar,,0,3,3,0,1,1,1,0,47
0xfariest,0xfariest,,0,2,2,0,1,1,1,0,0
insider_ua,insider_ua,,1,1,2,0.002748,0,0,0,0,140
vouchcherry,vouchcherry,,0,2,2,0,1,1,1,0,0
oxbigwinxnow,oxbigwinxnow,,0,2,2,0,1,1,1,0,0
gantiusnyay,gantiusnyay,,0,2,2,0,1,1,1,0,0
qwertynn4,qwertynn4,,0,2,2,0,1,1,1,0,0
luffy20699309,luffy20699309,,0,2,2,0,1,1,1,0,0
nowv33,nowv33,,0,2,2,0,1,1,1,0,0
10ribudollar,10ribudollar,,1,3,4,0.002748,1,1,1,0,0
raannrani,raannrani,,0,3,3,0,1,1,1,0,47
afiyahwon,afiyahwon,,0,2,2,0,1,1,1,0,0
honeyya62949118,honeyya62949118,,0,1,1,0,1,1,1,0,141
profpinar,profpinar,,3,1,4,0.008243,0,0,0,0,141
baikbangetsih29,baikbangetsih29,,0,2,2,0,1,1,1,0,0
trusb1gw1n,trusb1gw1n,,0,2,2,0,1,1,1,0,0
cleow1n,cleow1n,,0,2,2,0,1,1,1,0,0
yjngwncityx,yjngwncityx,,0,2,2,0,1,1,1,0,0
arnjagaurd,arnjagaurd,,0,3,3,0,1,1,1,0,142
petertownsv1lle,petertownsv1lle,,1,0,1,0.000989,0,0,0,0,142
judyhinchcliffe,judyhinchcliffe,,1,0,1,0.000989,0,0,0,0,142
erodingnewzeala,erodingnewzeala,,0,1,1,0,1,1,1,0,143
cryptojawnog,cryptojawnog,,1,0,1,0.000989,0,0,0,0,143
0xcityxos,0xcityxos,,1,1,2,0.002748,0,0,0,0,144
juzzdollar,juzzdollar,,0,1,1,0,1,1,1,0,47
tracy372430,tracy372430,,0,1,1,0,1,1,1,0,123
troutish,troutish,,0,1,1,0,1,1,1,0,85
0xtadilucky,0xtadilucky,,0,3,3,0,1,1,1,0,47
xxangelbby_,xxangelbby_,,0,2,2,0,1,1,1,0,0
lotllovevt,lotllovevt,,2,1,3,0.005495,0,0,0,0,145
vtubertweeter,vtubertweeter,,0,1,1,0,1,1,1,0,145
rrrubyj,rrrubyj,,0,2,2,0,1,1,1,0,0
sometimespez,sometimespez,,0,1,1,0,1,1,1,0,85
tian_valerian,tian_valerian,,0,1,1,0,1,1,1,0,33
gravitazeroeu,gravitazeroeu,,0,1,1,0,1,1,1,0,146
interiorissimi,interiorissimi,,1,0,1,0.000989,0,0,0,0,146
satkins93,satkins93,,0,2,2,0,2,0.666667,0.75,0,120
battiata62,battiata62,,0,1,1,0,1,1,1,0,87
sagar0fficial,sagar0fficial,,0,1,1,0,1,1,1,0,117
realmarcoajenjo,realmarcoajenjo,,1,1,2,0.002748,0,0,0,0,147
0xtazmania,0xtazmania,,0,2,2,0,1,1,1,0,0
vanessa24221401,vanessa24221401,,0,1,1,0,1,1,1,0,63
s1pwly,s1pwly,,0,2,2,0,1,1,1,0,0
dembluemombear,dembluemombear,,0,1,1,0,1,1,1,0,2
temporary_local,temporary_local,,0,1,1,0,1,1,1,0,148
plan_prep_live,plan_prep_live,,1,0,1,0.000989,0,0,0,0,148
rhomanife,rhomanife,,2,1,3,0.005495,0,0,0,0,149
reggaeworldnrw,reggaeworldnrw,,0,1,1,0,1,1,1,0,149
daevilgenius0,daevilgenius0,,1,1,2,0.002748,0,0,0,0,150
yedamwincityxxx,yedamwincityxxx,,0,2,2,0,1,1,1,0,0
fs0ciety0000,fs0ciety0000,,1,1,2,0.002748,0,0,0,0,151
fata_turch,fata_turch,,1,2,3,0.000989,1,1,1,0,152
micaelaanna07,micaelaanna07,,2,0,2,0.002988,0,0,0,0,152
borrillo62,borrillo62,,0,3,3,0,1,1,1,0,152
playloud1971,playloud1971,,2,0,2,0.002988,0,0,0,0,152
krstfr83,krstfr83,,0,1,1,0,1,1,1,0,4
gilltuttle3,gilltuttle3,,1,1,2,0.002748,0,0,0,0,153
dk_yukikaze_,dk_yukikaze_,,0,1,1,0,1,1,1,0,1
banfavorite,banfavorite,,1,1,2,0.002748,0,0,0,0,154
franklassowski,franklassowski,,1,1,2,0.002748,0,0,0,0,155
czxb_,czxb_,,0,1,1,0,1,1,1,0,47
sevslv,sevslv,,1,1,2,0.002748,0,0,0,0,156
just_42day,just_42day,,0,4,4,0,1,1,1,0,8
minguuren,minguuren,,0,2,2,0,1,1,1,0,0
janecurran19,janecurran19,,0,1,1,0,1,1,1,0,44
thegrassrooter,thegrassrooter,,1,1,2,0.002748,0,0,0,0,157
dmartinezreseda,dmartinezreseda,,0,4,4,0,1,1,1,0,8
std_wout,std_wout,,1,1,2,0.002748,0,0,0,0,158
johnbelchamber,johnbelchamber,,1,1,2,0.002748,0,0,0,0,159
eternalruler888,eternalruler888,,0,1,1,0,1,1,1,0,160
kimbrillon313,kimbrillon313,,2,0,2,0.001977,0,0,0,0,160
iwathinner,iwathinner,,0,1,1,0,1,1,1,0,1
thetriexy,thetriexy,,1,1,2,0.002748,0,0,0,0,161
newyorkermc,newyorkermc,,0,1,1,0,1,1,1,0,29
xeniahaggai1,xeniahaggai1,,0,1,1,0,1,1,1,0,162
508gloryfelix,508gloryfelix,,1,0,1,0.000989,0,0,0,0,162
littleleelove,littleleelove,,0,1,1,0,1,1,1,0,1
aquilakahecate,aquilakahecate,,0,3,3,0,1,1,1,0,45
taniaamarshall,taniaamarshall,,4,1,5,0.003955,1,1,1,0,45
mrsbroadbent,mrsbroadbent,,0,4,4,0,1,1,1,0,8
wildwood62,wildwood62,,0,3,3,0,1,1,1,0,45
mbilalkhan134,mbilalkhan134,,0,1,1,0,1,1,1,0,80
colleenmmck618,colleenmmck618,,0,4,4,0,1,1,1,0,8
nyayi_rinduyayi,nyayi_rinduyayi,,0,2,2,0,1,1,1,0,0
clarenc08786486,clarenc08786486,,0,1,1,0,1,1,1,0,1
oujirouu,oujirouu,,0,1,1,0,1,1,1,0,1
yasirroghani96,yasirroghani96,,0,1,1,0,1,1,1,0,52
pplpolplace,pplpolplace,,1,1,2,0.002748,0,0,0,0,163
zebulonarnold1,zebulonarnold1,,0,1,1,0,1,1,1,0,164
bindlestaff,bindlestaff,,1,0,1,0.000989,0,0,0,0,164
hyamaguchi,hyamaguchi,,0,1,1,0,1,1,1,0,1
dtexpat,dtexpat,,0,3,3,0,1,1,1,0,45
r0ck13_,r0ck13_,,1,1,2,0.002748,0,0,0,0,165
yarkthespark,yarkthespark,,0,1,1,0,1,1,1,0,1
andromeda7x,andromeda7x,,0,1,1,0,1,1,1,0,1
gmh8899,gmh8899,,0,1,1,0,1,1,1,0,1
riizwangul,riizwangul,,0,1,1,0,1,1,1,0,166
gulawar_khan786,gulawar_khan786,,1,0,1,0.000989,0,0,0,0,166
emmanue21151511,emmanue21151511,,0,1,1,0,1,1,1,0,35
0xwiekealm0,0xwiekealm0,,0,2,2,0,1,1,1,0,0
maksubje,maksubje,,0,2,2,0,1,1,1,0,0
devburii,devburii,,0,2,2,0,1,1,1,0,0
europabridge1,europabridge1,,0,1,1,0,1,1,1,0,1
shreyoshiguha,shreyoshiguha,,1,1,2,0.002748,0,0,0,0,167
bryoohmuchira,bryoohmuchira,,0,1,1,0,1,1,1,0,168
innocentia_jay,innocentia_jay,,1,0,1,0.000989,0,0,0,0,168
tekkie,tekkie,,1,1,2,0.002748,0,0,0,0,169
annaanianna,annaanianna,,0,2,2,0,1,1,1,0,45
alvaropielago,alvaropielago,,1,0,1,0.000989,0,0,0,0,45
alisonbemery1,alisonbemery1,,2,1,3,0.005495,0,0,0,0,170
tandytann60,tandytann60,,0,2,2,0,1,1,1,0,170
lonesaqeeb01,lonesaqeeb01,,1,0,1,0.000989,0,0,0,0,170
hoerlemann,hoerlemann,,0,1,1,0,1,1,1,0,1
dikshar97173972,dikshar97173972,,1,1,2,0.002748,0,0,0,0,171
koko401401,koko401401,,0,1,1,0,1,1,1,0,1
petertolar1,petertolar1,,0,1,1,0,1,1,1,0,172
dmjbartwilliams,dmjbartwilliams,,1,0,1,0.000989,0,0,0,0,172
mercyhilll,mercyhilll,,0,1,1,0,1,1,1,0,173
_lpraiz,_lpraiz,,1,0,1,0.000989,0,0,0,0,173
stefenmac,stefenmac,,0,1,1,0,1,1,1,0,85
scimps,scimps,,0,3,3,0,1,1,1,0,45
oxpickawcj,oxpickawcj,,0,1,1,0,1,1,1,0,47
blohm_ernst,blohm_ernst,,0,1,1,0,1,1,1,0,46
dibigwin,dibigwin,,0,2,2,0,1,1,1,0,0
madhav_pandit03,madhav_pandit03,,0,1,1,0,1,1,1,0,174
nseeb97,nseeb97,,1,0,1,0.000989,0,0,0,0,174
nikt50,nikt50,,0,1,1,0,1,1,1,0,85
lalegale,lalegale,,0,2,2,0,1,1,1,0,85
johnsalmond,johnsalmond,,0,1,1,0,1,1,1,0,85
ryanphilips04,ryanphilips04,,0,1,1,0,1,1,1,0,87
jackstar2010,jackstar2010,,0,3,3,0,1,1,1,0,45
tmmachine_fanks,tmmachine_fanks,,0,1,1,0,1,1,1,0,1
seit031202,seit031202,,0,1,1,0,1,1,1,0,1
ura5ch3wo,ura5ch3wo,,0,1,1,0,1,1,1,0,1
malukharoon,malukharoon,,2,1,3,0.005495,0,0,0,0,175
harooon_niazi,harooon_niazi,,0,1,1,0,1,1,1,0,175
queenthelucky,queenthelucky,,0,2,2,0,1,1,1,0,0
thgfiner,thgfiner,,0,1,1,0,1,1,1,0,1
nobusik,nobusik,,0,1,1,0,1,1,1,0,1
ericmanstein4,ericmanstein4,,0,1,1,0,1,1,1,0,1
vnyuuw11,vnyuuw11,,0,2,2,0,1,1,1,0,0
deaoishikhushi,deaoishikhushi,,0,1,1,0,1,1,1,0,85
jngmnk01x,jngmnk01x,,0,3,3,0,1,1,1,0,47
vagsinghpurohit,vagsinghpurohit,,0,1,1,0,1,1,1,0,117
yamabukinosato,yamabukinosato,,0,1,1,0,1,1,1,0,1
toerdsdeikskrei,toerdsdeikskrei,,1,1,2,0.002748,0,0,0,0,176
prodigyatul,prodigyatul,,0,1,1,0,1,1,1,0,141
deuxlattes,deuxlattes,,0,2,2,0,1,1,1,0,0
kanyewest,kanyewest,,1,0,1,0.000989,0,0,0,0,0
mitziestey,mitziestey,,0,1,1,0,1,1,1,0,160
ttxp_fctn7007,ttxp_fctn7007,,0,1,1,0,1,1,1,0,1
crisdz,crisdz,,0,1,1,0,1,1,1,0,87
marco_marran,marco_marran,,0,1,1,0,1,1,1,0,100
lindbergseb,lindbergseb,,0,1,1,0,1,1,1,0,1
shantyminister,shantyminister,,1,1,2,0.002748,0,0,0,0,177
respectablepen9,respectablepen9,,0,4,4,0,1,1,1,0,8
techmadeit,techmadeit,,0,1,1,0,1,1,1,0,178
samurahh14,samurahh14,,1,0,1,0.000989,0,0,0,0,178
mdadnan2004,mdadnan2004,,0,2,2,0,1,1,1,0,0
fk63596814,fk63596814,,0,1,1,0,1,1,1,0,1
nickala5,nickala5,,0,1,1,0,1,1,1,0,179
r_whitfield,r_whitfield,,1,0,1,0.000989,0,0,0,0,179
aesthusias,aesthusias,,0,1,1,0,1,1,1,0,1
stinxlinx,stinxlinx,,0,1,1,0,1,1,1,0,180
hsussebach,hsussebach,,1,0,1,0.000989,0,0,0,0,180
shafathewiner,shafathewiner,,0,2,2,0,1,1,1,0,0
kolisibigwin_,kolisibigwin_,,0,2,2,0,1,1,1,0,0
news_nocode,news_nocode,,0,1,1,0,1,1,1,0,181
nocode_dc,nocode_dc,,5,1,6,0.013738,0,0,0,0,181
chimakinrui,chimakinrui,,0,1,1,0,1,1,1,0,1
binarikitten,binarikitten,,0,2,2,0,1,1,1,0,187
danrather,danrather,,2,0,2,0.001977,0,0,0,0,187
boco20,boco20,,2,0,2,0.001977,0,0,0,0,187
bitdiots,bitdiots,,0,3,3,0,1,1,1,0,45
nityash37455922,nityash37455922,,0,1,1,0,1,1,1,0,182
delivermytune,delivermytune,,1,0,1,0.000989,0,0,0,0,182
3u711,3u711,,0,1,1,0,1,1,1,0,1
mohandevasi11,mohandevasi11,,0,1,1,0,1,1,1,0,6
dylanginther01,dylanginther01,,1,1,2,0.002748,0,0,0,0,183
mehdi87266059,mehdi87266059,,0,1,1,0,1,1,1,0,35
linuccio5574,linuccio5574,,1,1,2,0.002748,0,0,0,0,184
thepeopleszero,thepeopleszero,,1,1,2,0.002748,0,0,0,0,185
bryanhan65,bryanhan65,,0,1,1,0,1,1,1,0,186
sisunetwork,sisunetwork,,1,0,1,0.000989,0,0,0,0,186
wrightmary123,wrightmary123,,0,1,1,0,1,1,1,0,85
pelosi1350,pelosi1350,,0,2,2,0,1,1,1,0,45
nake_lil_,nake_lil_,,0,2,2,0,1,1,1,0,0
snowfairy29,snowfairy29,,0,2,2,0,1,1,1,0,187
happyboat3,happyboat3,,0,1,1,0,1,1,1,0,117
theessexsog,theessexsog,,0,1,1,0,1,1,1,0,85
srecruit82,srecruit82,,0,1,1,0,1,1,1,0,45
munna_shaheed,munna_shaheed,,0,1,1,0,1,1,1,0,0
jentola,jentola,,0,1,1,0,1,1,1,0,0
solaleh51699853,solaleh51699853,,0,1,1,0,1,1,1,0,35
nomadaenredado,nomadaenredado,,1,1,2,0.002748,0,0,0,0,188
sugandh,sugandh,,0,4,4,0,1,1,1,0,189
aishwarya_1910,aishwarya_1910,,5,0,5,0.013738,0,0,0,0,189
jayesh_ranjan,jayesh_ranjan,,5,3,8,0.013738,1,1,1,1,189
anusha_puppala,anusha_puppala,,5,2,7,0.013738,2,0.75,0.833333,0,189
oxwinaliyand,oxwinaliyand,,0,2,2,0,1,1,1,0,0
willigender,willigender,,0,2,2,0,1,1,1,0,190
argonerd,argonerd,,1,0,1,0.000989,0,0,0,0,190
sabinewoelfle,sabinewoelfle,,1,0,1,0.000989,0,0,0,0,190
matinslance,matinslance,,0,1,1,0,1,1,1,0,191
_vishwajitpatil,_vishwajitpatil,,1,0,1,0.000989,0,0,0,0,191
azarashidashi,azarashidashi,,0,1,1,0,1,1,1,0,1
yacht_tv,yacht_tv,,0,1,1,0,1,1,1,0,192
tribelsocial,tribelsocial,,1,0,1,0.000989,0,0,0,0,192
maederbenluca,maederbenluca,,0,1,1,0,1,1,1,0,0
kingphonky,kingphonky,,0,1,1,0,1,1,1,0,193
state_designs,state_designs,,1,0,1,0.000989,0,0,0,0,193
mom2_k_and_p,mom2_k_and_p,,0,1,1,0,1,1,1,0,1
ninosmaron,ninosmaron,,1,1,2,0.002748,0,0,0,0,194
alinacosmas,alinacosmas,,1,1,2,0.002748,0,0,0,0,195
oo_gh0st,oo_gh0st,,0,1,1,0,1,1,1,0,1
o_g_log,o_g_log,,0,1,1,0,1,1,1,0,196
stratorob,stratorob,,4,1,5,0.010991,0,0,0,0,196
gladeolie,gladeolie,,1,1,2,0.002748,0,0,0,0,197
jb___oo,jb___oo,,0,1,1,0,1,1,1,0,1
daina_shaikh,daina_shaikh,,1,1,2,0.002748,0,0,0,0,198
michellecorry,michellecorry,,0,1,1,0,1,1,1,0,196
pablogomezsolis,pablogomezsolis,,1,1,2,0.002748,0,0,0,0,199
justpattyb,justpattyb,,0,2,2,0,1,1,1,0,0
maraudermag,maraudermag,,2,1,3,0.005495,0,0,0,0,0
gen51104945,gen51104945,,0,1,1,0,1,1,1,0,1
allthisevil,allthisevil,,1,1,2,0.002748,0,0,0,0,200
hajjiadavis,hajjiadavis,,0,1,1,0,1,1,1,0,201
newsclickin,newsclickin,,1,0,1,0.000989,0,0,0,0,201
kheralla30,kheralla30,,2,1,3,0.005495,0,0,0,0,202
ahmad98802409,ahmad98802409,,0,1,1,0,1,1,1,0,202
bagelfish9,bagelfish9,,1,1,2,0.002748,0,0,0,0,203
poyntednews,poyntednews,,0,1,1,0,1,1,1,0,1
elowoman,elowoman,,0,1,1,0,1,1,1,0,204
tadeocazunited,tadeocazunited,,1,0,1,0.000989,0,0,0,0,204
0xdatsun,0xdatsun,,0,2,2,0,1,1,1,0,0
nakamoto_monio,nakamoto_monio,,0,1,1,0,1,1,1,0,1
salmank85668825,salmank85668825,,0,2,2,0,1,1,1,0,0
rafaybaloch,rafaybaloch,,1,0,1,0.000989,0,0,0,0,0
kazamanirao,kazamanirao,,0,1,1,0,1,1,1,0,205
mikeisaac,mikeisaac,,1,0,1,0.000989,0,0,0,0,205
iamsspadhy,iamsspadhy,,0,1,1,0,1,1,1,0,206
thebabylonbee,thebabylonbee,,1,0,1,0.000989,0,0,0,0,206
lastcarnxval,lastcarnxval,,0,1,1,0,1,1,1,0,1
clauskullak,clauskullak,,1,1,2,0.002748,0,0,0,0,207
hnic89963721,hnic89963721,,0,1,1,0,1,1,1,0,46
_thewarondrugs,_thewarondrugs,,0,1,1,0,1,1,1,0,0
lordofintent,lordofintent,,0,1,1,0,1,1,1,0,181
belenkisott,belenkisott,,0,1,1,0,1,1,1,0,1
sumonseng,sumonseng,,1,1,2,0.002748,0,0,0,0,208
hunter_odd,hunter_odd,,0,1,1,0,1,1,1,0,1
feggunczy,feggunczy,,0,1,1,0,1,1,1,0,181
arnaudmarion,arnaudmarion,,0,2,2,0,1,1,1,0,45
afiyasaluckywin,afiyasaluckywin,,0,2,2,0,1,1,1,0,0
0xblesswins,0xblesswins,,0,2,2,0,1,1,1,0,0
babar01_,babar01_,,0,2,2,0,1,1,1,0,0
ayanahaq,ayanahaq,,0,2,2,0,1,1,1,0,0
kor3shan,kor3shan,,1,1,2,0.002748,0,0,0,0,209
0xyg3nbigwin23,0xyg3nbigwin23,,0,2,2,0,1,1,1,0,0
anirn4,anirn4,,0,1,1,0,1,1,1,0,1
thelucky_misufe,thelucky_misufe,,0,2,2,0,1,1,1,0,0
ali84498307,ali84498307,,0,1,1,0,1,1,1,0,47
adnan_here_,adnan_here_,,0,1,1,0,1,1,1,0,210
chaipilo_friens,chaipilo_friens,,1,0,1,0.000989,0,0,0,0,210
tiffany06892479,tiffany06892479,,1,1,2,0.002748,0,0,0,0,211
dbcooperthe,dbcooperthe,,0,1,1,0,1,1,1,0,212
poppasmurf1997,poppasmurf1997,,1,0,1,0.000989,0,0,0,0,212
treborsf,treborsf,,0,1,1,0,1,1,1,0,1
haxter000,haxter000,,0,1,1,0,1,1,1,0,213
yourresonance_,yourresonance_,,2,0,2,0.001977,0,0,0,0,213
pservati,pservati,,0,1,1,0,1,1,1,0,196
talktobeverley,talktobeverley,,0,3,3,0,1,1,1,0,1
thiszaks,thiszaks,,1,0,1,0.000989,0,0,0,0,1
bmay,bmay,,1,0,1,0.000989,0,0,0,0,1
thealterekho,thealterekho,,0,1,1,0,1,1,1,0,181
steveislit,steveislit,,0,2,2,0,1,1,1,0,214
cobratategg,cobratategg,,1,0,1,0.000989,0,0,0,0,214
cobratate,cobratate,,1,0,1,0.000989,0,0,0,0,214
devanteminnis,devanteminnis,,1,1,2,0.002748,0,0,0,0,215
gilmorecityx,gilmorecityx,,0,3,3,0,1,1,1,0,47
gbpackersone,gbpackersone,,0,2,2,0,1,1,1,0,216
drericding,drericding,,3,0,3,0.004988,0,0,0,0,216
dokhollidays,dokhollidays,,2,1,3,0.001977,1,1,1,0,216
malapatch,malapatch,,0,2,2,0,1,1,1,0,216
alfrede34503939,alfrede34503939,,0,1,1,0,1,1,1,0,1
scarletsdiorx,scarletsdiorx,,0,1,1,0,1,1,1,0,217
rickyrebellover,rickyrebellover,,1,0,1,0.000989,0,0,0,0,217
speechlessrage,speechlessrage,,0,1,1,0,1,1,1,0,218
thedailybeast,thedailybeast,,1,0,1,0.000989,0,0,0,0,218
harbourexpert,harbourexpert,,2,1,3,0.005495,0,0,0,0,219
keesmarges,keesmarges,,0,1,1,0,1,1,1,0,219
melo_sugar,melo_sugar,,0,1,1,0,1,1,1,0,1
mauofthegreen,mauofthegreen,,0,1,1,0,1,1,1,0,1
ikmgls,ikmgls,,1,1,2,0.002748,0,0,0,0,220
jrm_cpz,jrm_cpz,,0,2,2,0,1,1,1,0,0
antoniamarrero,antoniamarrero,,2,1,3,0.005495,0,0,0,0,221
kiptw,kiptw,,0,1,1,0,1,1,1,0,221
greg_zulu_alpha,greg_zulu_alpha,,1,1,2,0.002748,0,0,0,0,222
dianeroper,dianeroper,,0,2,2,0,1,1,1,0,1
missufex2022,missufex2022,,0,2,2,0,1,1,1,0,0
suryapr52118975,suryapr52118975,,0,1,1,0,1,1,1,0,6
tanwirr_1,tanwirr_1,,0,1,1,0,1,1,1,0,0
truegovpr,truegovpr,,1,1,2,0.000989,1,1,1,0,223
fatemperor,fatemperor,,2,0,2,0.002988,0,0,0,0,223
mr__stefano,mr__stefano,,0,2,2,0,1,1,1,0,223
luckymet_t,luckymet_t,,0,2,2,0,1,1,1,0,0
cerebralaudio,cerebralaudio,,2,1,3,0.005495,0,0,0,0,224
peachybrets,peachybrets,,0,1,1,0,1,1,1,0,224
marthap29033882,marthap29033882,,0,1,1,0,1,1,1,0,225
duty2warn,duty2warn,,1,0,1,0.000989,0,0,0,0,225
entarchs,entarchs,,0,1,1,0,1,1,1,0,45
hamptonbaberuth,hamptonbaberuth,,0,1,1,0,1,1,1,0,1
lkhizi,lkhizi,,0,1,1,0,1,1,1,0,1
paoloigna1,paoloigna1,,0,1,1,0,1,1,1,0,226
gammadonna_,gammadonna_,,1,0,1,0.000989,0,0,0,0,226
swachhhyd,swachhhyd,,0,4,4,0,1,1,1,0,189
boyd_eskelson,boyd_eskelson,,1,1,2,0.002748,0,0,0,0,227
rahulmandal6011,rahulmandal6011,,0,1,1,0,1,1,1,0,117
soulfulgardens,soulfulgardens,,0,1,1,0,1,1,1,0,228
rlycalm,rlycalm,,1,0,1,0.000989,0,0,0,0,228
luckydisyembr3_,luckydisyembr3_,,0,2,2,0,1,1,1,0,0
zaid0342,zaid0342,,0,1,1,0,1,1,1,0,229
ptishoaib1,ptishoaib1,,1,0,1,0.000989,0,0,0,0,229
nitin_kadiyan,nitin_kadiyan,,0,1,1,0,1,1,1,0,0
nytimesbusiness,nytimesbusiness,,1,1,2,0.002748,0,0,0,0,230
nthlondonhippy,nthlondonhippy,,1,1,2,0.002748,0,0,0,0,231
vijayveriyan01,vijayveriyan01,,2,1,3,0.005495,0,0,0,0,232
smm_news_feed,smm_news_feed,,0,1,1,0,1,1,1,0,232
rakaja_mom,rakaja_mom,,0,4,4,0,1,1,1,0,8
nowvemb1gwin5,nowvemb1gwin5,,0,2,2,0,1,1,1,0,0
bre_miche,bre_miche,,1,1,2,0.002748,0,0,0,0,233
sabimaru,sabimaru,,0,1,1,0,1,1,1,0,85
maryjopowers12,maryjopowers12,,0,1,1,0,1,1,1,0,1
nar_handle,nar_handle,,0,4,4,0,1,1,1,0,189
diggydownie,diggydownie,,0,1,1,0,1,1,1,0,1
oursharedvalues,oursharedvalues,,0,1,1,0,1,1,1,0,1
sumitom44,sumitom44,,0,1,1,0,1,1,1,0,117
tommasinaresist,tommasinaresist,,0,1,1,0,1,1,1,0,1
him_special,him_special,,0,1,1,0,1,1,1,0,234
ali_raza799,ali_raza799,,1,0,1,0.000989,0,0,0,0,234
___my_home___,___my_home___,,0,1,1,0,1,1,1,0,1
e_hunyadi,e_hunyadi,,0,1,1,0,1,1,1,0,235
thetweetofgod,thetweetofgod,,1,0,1,0.000989,0,0,0,0,235
ramugudala2,ramugudala2,,0,4,4,0,1,1,1,0,189
kejdys,kejdys,,0,1,1,0,1,1,1,0,1
shaikhudha,shaikhudha,,0,1,1,0,1,1,1,0,1
ashokalgude,ashokalgude,,0,1,1,0,1,1,1,0,236
akhilbha58,akhilbha58,,1,0,1,0.000989,0,0,0,0,236
hera22112013,hera22112013,,0,1,1,0,1,1,1,0,68
cerebralmix,cerebralmix,,1,1,2,0.002748,0,0,0,0,237
mdfromny,mdfromny,,0,1,1,0,1,1,1,0,85
amylynnbest,amylynnbest,,0,1,1,0,1,1,1,0,63
bright8694,bright8694,,0,1,1,0,1,1,1,0,2
rickgaehl,rickgaehl,,0,1,1,0,1,1,1,0,238
russellengland,russellengland,,1,0,1,0.000989,0,0,0,0,238
82aimar,82aimar,,1,1,2,0.002748,0,0,0,0,239
marygdehoyos2,marygdehoyos2,,0,1,1,0,1,1,1,0,1
amigoo_9,amigoo_9,,0,1,1,0,1,1,1,0,0
jphmad1,jphmad1,,1,1,2,0.002748,0,0,0,0,240
i00j7,i00j7,,0,1,1,0,1,1,1,0,1
_pizzakitty,_pizzakitty,,0,1,1,0,1,1,1,0,1
28akisaki,28akisaki,,0,1,1,0,1,1,1,0,1
fortytw61678898,fortytw61678898,,0,1,1,0,1,1,1,0,1
jermarcusrobin1,jermarcusrobin1,,0,4,4,0,1,1,1,0,85
zincodrone,zincodrone,,1,0,1,0.000989,0,0,0,0,85
boriscummings7,boriscummings7,,1,0,1,0.000989,0,0,0,0,85
atvtourismus,atvtourismus,,2,1,3,0.005495,0,0,0,0,85
newsgroupmedia,newsgroupmedia,,1,4,5,0.002748,1,1,1,0,241
kchirutweets,kchirutweets,,1,0,1,0.002748,0,0,0,0,241
musicthaman,musicthaman,,1,0,1,0.002748,0,0,0,0,241
rahulgandhi,rahulgandhi,,1,0,1,0.002748,0,0,0,0,241
jaycoxliberal1,jaycoxliberal1,,0,1,1,0,1,1,1,0,1
unghvary,unghvary,,0,1,1,0,1,1,1,0,0
pircqv8qxobi5hh,pircqv8qxobi5hh,,0,1,1,0,1,1,1,0,1
gemtv7,gemtv7,,2,1,3,0.005495,0,0,0,0,242
mrchand82480921,mrchand82480921,,0,1,1,0,1,1,1,0,242
michaelcorleyny,michaelcorleyny,,0,1,1,0,1,1,1,0,243
errollouis,errollouis,,1,0,1,0.000989,0,0,0,0,243
ripsaus,ripsaus,,1,1,2,0.002748,0,0,0,0,244
melanerd,melanerd,,0,1,1,0,1,1,1,0,1
toreheliks,toreheliks,,2,1,3,0.005495,0,0,0,0,245
besserwisser45,besserwisser45,,0,1,1,0,1,1,1,0,245
getinspired300s,getinspired300s,,0,1,1,0,1,1,1,0,246
vocal_creators,vocal_creators,,1,0,1,0.000989,0,0,0,0,246
jordanbk124,jordanbk124,,0,1,1,0,1,1,1,0,4
churume106,churume106,,0,1,1,0,1,1,1,0,1
limeritweets,limeritweets,,1,3,4,0.002748,1,1,1,0,247
mikesington,mikesington,,1,0,1,0.002748,0,0,0,0,247
deeleftmom,deeleftmom,,1,0,1,0.002748,0,0,0,0,247
danielle_excell,danielle_excell,,0,1,1,0,1,1,1,0,1
jewels_juls,jewels_juls,,2,1,3,0.005495,0,0,0,0,248
billywhizz101,billywhizz101,,0,1,1,0,1,1,1,0,248
manishg51834604,manishg51834604,,0,1,1,0,1,1,1,0,117
mr_morphy,mr_morphy,,0,2,2,0,1,1,1,0,92
moumounepujol,moumounepujol,,0,1,1,0,1,1,1,0,1
thelastpersont2,thelastpersont2,,0,1,1,0,1,1,1,0,0
pm_fran01,pm_fran01,,1,1,2,0.002748,0,0,0,0,249
nervybastard,nervybastard,,0,1,1,0,1,1,1,0,1
polishgirl70,polishgirl70,,0,3,3,0,1,1,1,0,47
ritesh_bfc,ritesh_bfc,,0,2,2,0,1,1,1,0,45
oxluckymecityxs,oxluckymecityxs,,0,2,2,0,1,1,1,0,0
concombre20,concombre20,,0,1,1,0,1,1,1,0,88
nestrickthomas,nestrickthomas,,0,1,1,0,1,1,1,0,1
dianafararara,dianafararara,,0,1,1,0,1,1,1,0,1
makeengineear,makeengineear,,1,2,3,0.002748,1,1,1,0,0
cerebralriftorg,cerebralriftorg,,1,1,2,0.002748,0,0,0,0,250
shraddhanajan,shraddhanajan,,0,1,1,0,1,1,1,0,251
theahmadmalik_,theahmadmalik_,,1,0,1,0.000989,0,0,0,0,251
chris_howell33,chris_howell33,,0,1,1,0,1,1,1,0,4
lilrebelart,lilrebelart,,1,1,2,0.002748,0,0,0,0,252
handfhome,handfhome,,0,1,1,0,1,1,1,0,4
gayjameslindsay,gayjameslindsay,,1,1,2,0.002748,0,0,0,0,253
deborahalcorn,deborahalcorn,,0,1,1,0,1,1,1,0,254
thubertusnvet,thubertusnvet,,1,0,1,0.000989,0,0,0,0,254
tiagocatrola77,tiagocatrola77,,1,2,3,0.002748,1,1,1,0,0
dleeb1955,dleeb1955,,0,1,1,0,1,1,1,0,213
bratty_brownie,bratty_brownie,,0,1,1,0,1,1,1,0,1
ds41744,ds41744,,0,1,1,0,1,1,1,0,1
emermartin,emermartin,,0,1,1,0,1,1,1,0,1
picktbzwins,picktbzwins,,0,2,2,0,1,1,1,0,0
